[
  {
    "model": "irndb2.kegg", 
    "fields": {
      "id": 1, 
      "keggid": "path:mmu04120", 
      "keggname": "Ubiquitin mediated proteolysis"
    }
  }, 
  {
    "model": "irndb2.kegg", 
    "fields": {
      "id": 2, 
      "keggid": "path:mmu05034", 
      "keggname": "Alcoholism"
    }
  }, 
  {
    "model": "irndb2.kegg", 
    "fields": {
      "id": 3, 
      "keggid": "path:mmu05322", 
      "keggname": "Systemic lupus erythematosus"
    }
  }, 
  {
    "model": "irndb2.kegg", 
    "fields": {
      "id": 4, 
      "keggid": "path:mmu03013", 
      "keggname": "RNA transport"
    }
  }, 
  {
    "model": "irndb2.kegg", 
    "fields": {
      "id": 5, 
      "keggid": "path:mmu03040", 
      "keggname": "Spliceosome"
    }
  }, 
  {
    "model": "irndb2.kegg", 
    "fields": {
      "id": 6, 
      "keggid": "path:mmu04621", 
      "keggname": "NOD-like receptor signaling pathway"
    }
  }, 
  {
    "model": "irndb2.kegg", 
    "fields": {
      "id": 7, 
      "keggid": "path:mmu04141", 
      "keggname": "Protein processing in endoplasmic reticulum"
    }
  }, 
  {
    "model": "irndb2.kegg", 
    "fields": {
      "id": 8, 
      "keggid": "path:mmu05146", 
      "keggname": "Amoebiasis"
    }
  }, 
  {
    "model": "irndb2.kegg", 
    "fields": {
      "id": 9, 
      "keggid": "path:mmu04530", 
      "keggname": "Tight junction"
    }
  }, 
  {
    "model": "irndb2.kegg", 
    "fields": {
      "id": 10, 
      "keggid": "path:mmu05202", 
      "keggname": "Transcriptional misregulation in cancer"
    }
  }, 
  {
    "model": "irndb2.kegg", 
    "fields": {
      "id": 11, 
      "keggid": "path:mmu04210", 
      "keggname": "Apoptosis"
    }
  }, 
  {
    "model": "irndb2.kegg", 
    "fields": {
      "id": 12, 
      "keggid": "path:mmu05145", 
      "keggname": "Toxoplasmosis"
    }
  }, 
  {
    "model": "irndb2.kegg", 
    "fields": {
      "id": 13, 
      "keggid": "path:mmu05166", 
      "keggname": "HTLV-I infection"
    }
  }, 
  {
    "model": "irndb2.kegg", 
    "fields": {
      "id": 14, 
      "keggid": "path:mmu05200", 
      "keggname": "Pathways in cancer"
    }
  }, 
  {
    "model": "irndb2.kegg", 
    "fields": {
      "id": 15, 
      "keggid": "path:mmu05222", 
      "keggname": "Small cell lung cancer"
    }
  }, 
  {
    "model": "irndb2.kegg", 
    "fields": {
      "id": 16, 
      "keggid": "path:mmu00830", 
      "keggname": "Retinol metabolism"
    }
  }, 
  {
    "model": "irndb2.kegg", 
    "fields": {
      "id": 17, 
      "keggid": "path:mmu04060", 
      "keggname": "Cytokine-cytokine receptor interaction"
    }
  }, 
  {
    "model": "irndb2.kegg", 
    "fields": {
      "id": 18, 
      "keggid": "path:mmu04630", 
      "keggname": "Jak-STAT signaling pathway"
    }
  }, 
  {
    "model": "irndb2.kegg", 
    "fields": {
      "id": 19, 
      "keggid": "path:mmu04640", 
      "keggname": "Hematopoietic cell lineage"
    }
  }, 
  {
    "model": "irndb2.kegg", 
    "fields": {
      "id": 20, 
      "keggid": "path:mmu05412", 
      "keggname": "Arrhythmogenic right ventricular cardiomyopathy (ARVC)"
    }
  }, 
  {
    "model": "irndb2.kegg", 
    "fields": {
      "id": 21, 
      "keggid": "path:mmu04142", 
      "keggname": "Lysosome"
    }
  }, 
  {
    "model": "irndb2.kegg", 
    "fields": {
      "id": 22, 
      "keggid": "path:mmu05152", 
      "keggname": "Tuberculosis"
    }
  }, 
  {
    "model": "irndb2.kegg", 
    "fields": {
      "id": 23, 
      "keggid": "path:mmu03050", 
      "keggname": "Proteasome"
    }
  }, 
  {
    "model": "irndb2.kegg", 
    "fields": {
      "id": 24, 
      "keggid": "path:mmu05169", 
      "keggname": "Epstein-Barr virus infection"
    }
  }, 
  {
    "model": "irndb2.kegg", 
    "fields": {
      "id": 25, 
      "keggid": "path:mmu04974", 
      "keggname": "Protein digestion and absorption"
    }
  }, 
  {
    "model": "irndb2.kegg", 
    "fields": {
      "id": 26, 
      "keggid": "path:mmu05168", 
      "keggname": "Herpes simplex infection"
    }
  }, 
  {
    "model": "irndb2.kegg", 
    "fields": {
      "id": 27, 
      "keggid": "path:mmu04130", 
      "keggname": "SNARE interactions in vesicular transport"
    }
  }, 
  {
    "model": "irndb2.kegg", 
    "fields": {
      "id": 28, 
      "keggid": "path:mmu03018", 
      "keggname": "RNA degradation"
    }
  }, 
  {
    "model": "irndb2.kegg", 
    "fields": {
      "id": 29, 
      "keggid": "path:mmu04620", 
      "keggname": "Toll-like receptor signaling pathway"
    }
  }, 
  {
    "model": "irndb2.kegg", 
    "fields": {
      "id": 30, 
      "keggid": "path:mmu04725", 
      "keggname": "Cholinergic synapse"
    }
  }, 
  {
    "model": "irndb2.kegg", 
    "fields": {
      "id": 31, 
      "keggid": "path:mmu04728", 
      "keggname": "Dopaminergic synapse"
    }
  }, 
  {
    "model": "irndb2.kegg", 
    "fields": {
      "id": 32, 
      "keggid": "path:mmu04962", 
      "keggname": "Vasopressin-regulated water reabsorption"
    }
  }, 
  {
    "model": "irndb2.kegg", 
    "fields": {
      "id": 33, 
      "keggid": "path:mmu05016", 
      "keggname": "Huntington's disease"
    }
  }, 
  {
    "model": "irndb2.kegg", 
    "fields": {
      "id": 34, 
      "keggid": "path:mmu05030", 
      "keggname": "Cocaine addiction"
    }
  }, 
  {
    "model": "irndb2.kegg", 
    "fields": {
      "id": 35, 
      "keggid": "path:mmu05031", 
      "keggname": "Amphetamine addiction"
    }
  }, 
  {
    "model": "irndb2.kegg", 
    "fields": {
      "id": 36, 
      "keggid": "path:mmu05215", 
      "keggname": "Prostate cancer"
    }
  }, 
  {
    "model": "irndb2.kegg", 
    "fields": {
      "id": 37, 
      "keggid": "path:mmu03022", 
      "keggname": "Basal transcription factors"
    }
  }, 
  {
    "model": "irndb2.kegg", 
    "fields": {
      "id": 38, 
      "keggid": "path:mmu04670", 
      "keggname": "Leukocyte transendothelial migration"
    }
  }, 
  {
    "model": "irndb2.kegg", 
    "fields": {
      "id": 39, 
      "keggid": "path:mmu04144", 
      "keggname": "Endocytosis"
    }
  }, 
  {
    "model": "irndb2.kegg", 
    "fields": {
      "id": 40, 
      "keggid": "path:mmu04721", 
      "keggname": "Synaptic vesicle cycle"
    }
  }, 
  {
    "model": "irndb2.kegg", 
    "fields": {
      "id": 41, 
      "keggid": "path:mmu04961", 
      "keggname": "Endocrine and other factor-regulated calcium reabsorption"
    }
  }, 
  {
    "model": "irndb2.kegg", 
    "fields": {
      "id": 42, 
      "keggid": "path:mmu05100", 
      "keggname": "Bacterial invasion of epithelial cells"
    }
  }, 
  {
    "model": "irndb2.kegg", 
    "fields": {
      "id": 43, 
      "keggid": "path:mmu04062", 
      "keggname": "Chemokine signaling pathway"
    }
  }, 
  {
    "model": "irndb2.kegg", 
    "fields": {
      "id": 44, 
      "keggid": "path:mmu04514", 
      "keggname": "Cell adhesion molecules (CAMs)"
    }
  }, 
  {
    "model": "irndb2.kegg", 
    "fields": {
      "id": 45, 
      "keggid": "path:mmu05160", 
      "keggname": "Hepatitis C"
    }
  }, 
  {
    "model": "irndb2.kegg", 
    "fields": {
      "id": 46, 
      "keggid": "path:mmu05012", 
      "keggname": "Parkinson's disease"
    }
  }, 
  {
    "model": "irndb2.kegg", 
    "fields": {
      "id": 47, 
      "keggid": "path:mmu00480", 
      "keggname": "Glutathione metabolism"
    }
  }, 
  {
    "model": "irndb2.kegg", 
    "fields": {
      "id": 48, 
      "keggid": "path:mmu00980", 
      "keggname": "Metabolism of xenobiotics by cytochrome P450"
    }
  }, 
  {
    "model": "irndb2.kegg", 
    "fields": {
      "id": 49, 
      "keggid": "path:mmu00982", 
      "keggname": "Drug metabolism - cytochrome P450"
    }
  }, 
  {
    "model": "irndb2.kegg", 
    "fields": {
      "id": 50, 
      "keggid": "path:mmu04740", 
      "keggname": "Olfactory transduction"
    }
  }, 
  {
    "model": "irndb2.kegg", 
    "fields": {
      "id": 51, 
      "keggid": "path:mmu00230", 
      "keggname": "Purine metabolism"
    }
  }, 
  {
    "model": "irndb2.kegg", 
    "fields": {
      "id": 52, 
      "keggid": "path:mmu00240", 
      "keggname": "Pyrimidine metabolism"
    }
  }, 
  {
    "model": "irndb2.kegg", 
    "fields": {
      "id": 53, 
      "keggid": "path:mmu01100", 
      "keggname": "Metabolic pathways"
    }
  }, 
  {
    "model": "irndb2.kegg", 
    "fields": {
      "id": 54, 
      "keggid": "path:mmu03020", 
      "keggname": "RNA polymerase"
    }
  }, 
  {
    "model": "irndb2.kegg", 
    "fields": {
      "id": 55, 
      "keggid": "path:mmu04623", 
      "keggname": "Cytosolic DNA-sensing pathway"
    }
  }, 
  {
    "model": "irndb2.kegg", 
    "fields": {
      "id": 56, 
      "keggid": "path:mmu04666", 
      "keggname": "Fc gamma R-mediated phagocytosis"
    }
  }, 
  {
    "model": "irndb2.kegg", 
    "fields": {
      "id": 57, 
      "keggid": "path:mmu04723", 
      "keggname": "Retrograde endocannabinoid signaling"
    }
  }, 
  {
    "model": "irndb2.kegg", 
    "fields": {
      "id": 58, 
      "keggid": "path:mmu04742", 
      "keggname": "Taste transduction"
    }
  }, 
  {
    "model": "irndb2.kegg", 
    "fields": {
      "id": 59, 
      "keggid": "path:mmu00561", 
      "keggname": "Glycerolipid metabolism"
    }
  }, 
  {
    "model": "irndb2.kegg", 
    "fields": {
      "id": 60, 
      "keggid": "path:mmu00564", 
      "keggname": "Glycerophospholipid metabolism"
    }
  }, 
  {
    "model": "irndb2.kegg", 
    "fields": {
      "id": 61, 
      "keggid": "path:mmu04070", 
      "keggname": "Phosphatidylinositol signaling system"
    }
  }, 
  {
    "model": "irndb2.kegg", 
    "fields": {
      "id": 62, 
      "keggid": "path:mmu04672", 
      "keggname": "Intestinal immune network for IgA production"
    }
  }, 
  {
    "model": "irndb2.kegg", 
    "fields": {
      "id": 63, 
      "keggid": "path:mmu04612", 
      "keggname": "Antigen processing and presentation"
    }
  }, 
  {
    "model": "irndb2.kegg", 
    "fields": {
      "id": 64, 
      "keggid": "path:mmu04650", 
      "keggname": "Natural killer cell mediated cytotoxicity"
    }
  }, 
  {
    "model": "irndb2.kegg", 
    "fields": {
      "id": 65, 
      "keggid": "path:mmu05332", 
      "keggname": "Graft-versus-host disease"
    }
  }, 
  {
    "model": "irndb2.kegg", 
    "fields": {
      "id": 66, 
      "keggid": "path:mmu04010", 
      "keggname": "MAPK signaling pathway"
    }
  }, 
  {
    "model": "irndb2.kegg", 
    "fields": {
      "id": 67, 
      "keggid": "path:mmu04020", 
      "keggname": "Calcium signaling pathway"
    }
  }, 
  {
    "model": "irndb2.kegg", 
    "fields": {
      "id": 68, 
      "keggid": "path:mmu04114", 
      "keggname": "Oocyte meiosis"
    }
  }, 
  {
    "model": "irndb2.kegg", 
    "fields": {
      "id": 69, 
      "keggid": "path:mmu04310", 
      "keggname": "Wnt signaling pathway"
    }
  }, 
  {
    "model": "irndb2.kegg", 
    "fields": {
      "id": 70, 
      "keggid": "path:mmu04360", 
      "keggname": "Axon guidance"
    }
  }, 
  {
    "model": "irndb2.kegg", 
    "fields": {
      "id": 71, 
      "keggid": "path:mmu04370", 
      "keggname": "VEGF signaling pathway"
    }
  }, 
  {
    "model": "irndb2.kegg", 
    "fields": {
      "id": 72, 
      "keggid": "path:mmu04660", 
      "keggname": "T cell receptor signaling pathway"
    }
  }, 
  {
    "model": "irndb2.kegg", 
    "fields": {
      "id": 73, 
      "keggid": "path:mmu04662", 
      "keggname": "B cell receptor signaling pathway"
    }
  }, 
  {
    "model": "irndb2.kegg", 
    "fields": {
      "id": 74, 
      "keggid": "path:mmu04720", 
      "keggname": "Long-term potentiation"
    }
  }, 
  {
    "model": "irndb2.kegg", 
    "fields": {
      "id": 75, 
      "keggid": "path:mmu04724", 
      "keggname": "Glutamatergic synapse"
    }
  }, 
  {
    "model": "irndb2.kegg", 
    "fields": {
      "id": 76, 
      "keggid": "path:mmu05010", 
      "keggname": "Alzheimer's disease"
    }
  }, 
  {
    "model": "irndb2.kegg", 
    "fields": {
      "id": 77, 
      "keggid": "path:mmu05014", 
      "keggname": "Amyotrophic lateral sclerosis (ALS)"
    }
  }, 
  {
    "model": "irndb2.kegg", 
    "fields": {
      "id": 78, 
      "keggid": "path:mmu04810", 
      "keggname": "Regulation of actin cytoskeleton"
    }
  }, 
  {
    "model": "irndb2.kegg", 
    "fields": {
      "id": 79, 
      "keggid": "path:mmu05162", 
      "keggname": "Measles"
    }
  }, 
  {
    "model": "irndb2.kegg", 
    "fields": {
      "id": 80, 
      "keggid": "path:mmu05164", 
      "keggname": "Influenza A"
    }
  }, 
  {
    "model": "irndb2.kegg", 
    "fields": {
      "id": 81, 
      "keggid": "path:mmu04110", 
      "keggname": "Cell cycle"
    }
  }, 
  {
    "model": "irndb2.kegg", 
    "fields": {
      "id": 82, 
      "keggid": "path:mmu04722", 
      "keggname": "Neurotrophin signaling pathway"
    }
  }, 
  {
    "model": "irndb2.kegg", 
    "fields": {
      "id": 83, 
      "keggid": "path:mmu00190", 
      "keggname": "Oxidative phosphorylation"
    }
  }, 
  {
    "model": "irndb2.kegg", 
    "fields": {
      "id": 84, 
      "keggid": "path:mmu04260", 
      "keggname": "Cardiac muscle contraction"
    }
  }, 
  {
    "model": "irndb2.kegg", 
    "fields": {
      "id": 85, 
      "keggid": "path:mmu04145", 
      "keggname": "Phagosome"
    }
  }, 
  {
    "model": "irndb2.kegg", 
    "fields": {
      "id": 86, 
      "keggid": "path:mmu03010", 
      "keggname": "Ribosome"
    }
  }, 
  {
    "model": "irndb2.kegg", 
    "fields": {
      "id": 87, 
      "keggid": "path:mmu04330", 
      "keggname": "Notch signaling pathway"
    }
  }, 
  {
    "model": "irndb2.kegg", 
    "fields": {
      "id": 88, 
      "keggid": "path:mmu03060", 
      "keggname": "Protein export"
    }
  }, 
  {
    "model": "irndb2.kegg", 
    "fields": {
      "id": 89, 
      "keggid": "path:mmu03460", 
      "keggname": "Fanconi anemia pathway"
    }
  }, 
  {
    "model": "irndb2.kegg", 
    "fields": {
      "id": 90, 
      "keggid": "path:mmu04978", 
      "keggname": "Mineral absorption"
    }
  }, 
  {
    "model": "irndb2.kegg", 
    "fields": {
      "id": 91, 
      "keggid": "path:mmu04140", 
      "keggname": "Regulation of autophagy"
    }
  }, 
  {
    "model": "irndb2.kegg", 
    "fields": {
      "id": 92, 
      "keggid": "path:mmu04622", 
      "keggname": "RIG-I-like receptor signaling pathway"
    }
  }, 
  {
    "model": "irndb2.kegg", 
    "fields": {
      "id": 93, 
      "keggid": "path:mmu04512", 
      "keggname": "ECM-receptor interaction"
    }
  }, 
  {
    "model": "irndb2.kegg", 
    "fields": {
      "id": 94, 
      "keggid": "path:mmu04970", 
      "keggname": "Salivary secretion"
    }
  }, 
  {
    "model": "irndb2.kegg", 
    "fields": {
      "id": 95, 
      "keggid": "path:mmu04080", 
      "keggname": "Neuroactive ligand-receptor interaction"
    }
  }, 
  {
    "model": "irndb2.kegg", 
    "fields": {
      "id": 96, 
      "keggid": "path:mmu04971", 
      "keggname": "Gastric acid secretion"
    }
  }, 
  {
    "model": "irndb2.kegg", 
    "fields": {
      "id": 97, 
      "keggid": "path:mmu04540", 
      "keggname": "Gap junction"
    }
  }, 
  {
    "model": "irndb2.kegg", 
    "fields": {
      "id": 98, 
      "keggid": "path:mmu05221", 
      "keggname": "Acute myeloid leukemia"
    }
  }, 
  {
    "model": "irndb2.kegg", 
    "fields": {
      "id": 99, 
      "keggid": "path:mmu02010", 
      "keggname": "ABC transporters"
    }
  }, 
  {
    "model": "irndb2.kegg", 
    "fields": {
      "id": 100, 
      "keggid": "path:mmu04976", 
      "keggname": "Bile secretion"
    }
  }, 
  {
    "model": "irndb2.kegg", 
    "fields": {
      "id": 101, 
      "keggid": "path:mmu04726", 
      "keggname": "Serotonergic synapse"
    }
  }, 
  {
    "model": "irndb2.kegg", 
    "fields": {
      "id": 102, 
      "keggid": "path:mmu03015", 
      "keggname": "mRNA surveillance pathway"
    }
  }, 
  {
    "model": "irndb2.kegg", 
    "fields": {
      "id": 103, 
      "keggid": "path:mmu05320", 
      "keggname": "Autoimmune thyroid disease"
    }
  }, 
  {
    "model": "irndb2.kegg", 
    "fields": {
      "id": 104, 
      "keggid": "path:mmu04380", 
      "keggname": "Osteoclast differentiation"
    }
  }, 
  {
    "model": "irndb2.kegg", 
    "fields": {
      "id": 105, 
      "keggid": "path:mmu05323", 
      "keggname": "Rheumatoid arthritis"
    }
  }, 
  {
    "model": "irndb2.kegg", 
    "fields": {
      "id": 106, 
      "keggid": "path:mmu04610", 
      "keggname": "Complement and coagulation cascades"
    }
  }, 
  {
    "model": "irndb2.kegg", 
    "fields": {
      "id": 107, 
      "keggid": "path:mmu05020", 
      "keggname": "Prion diseases"
    }
  }, 
  {
    "model": "irndb2.kegg", 
    "fields": {
      "id": 108, 
      "keggid": "path:mmu04350", 
      "keggname": "TGF-beta signaling pathway"
    }
  }, 
  {
    "model": "irndb2.kegg", 
    "fields": {
      "id": 109, 
      "keggid": "path:mmu04664", 
      "keggname": "Fc epsilon RI signaling pathway"
    }
  }, 
  {
    "model": "irndb2.kegg", 
    "fields": {
      "id": 110, 
      "keggid": "path:mmu05310", 
      "keggname": "Asthma"
    }
  }, 
  {
    "model": "irndb2.kegg", 
    "fields": {
      "id": 111, 
      "keggid": "path:mmu00010", 
      "keggname": "Glycolysis / Gluconeogenesis"
    }
  }, 
  {
    "model": "irndb2.kegg", 
    "fields": {
      "id": 112, 
      "keggid": "path:mmu05216", 
      "keggname": "Thyroid cancer"
    }
  }, 
  {
    "model": "irndb2.kegg", 
    "fields": {
      "id": 113, 
      "keggid": "path:mmu05218", 
      "keggname": "Melanoma"
    }
  }, 
  {
    "model": "irndb2.kegg", 
    "fields": {
      "id": 114, 
      "keggid": "path:mmu04950", 
      "keggname": "Maturity onset diabetes of the young"
    }
  }, 
  {
    "model": "irndb2.kegg", 
    "fields": {
      "id": 115, 
      "keggid": "path:mmu04940", 
      "keggname": "Type I diabetes mellitus"
    }
  }, 
  {
    "model": "irndb2.kegg", 
    "fields": {
      "id": 116, 
      "keggid": "path:mmu05140", 
      "keggname": "Leishmaniasis"
    }
  }, 
  {
    "model": "irndb2.kegg", 
    "fields": {
      "id": 117, 
      "keggid": "path:mmu05150", 
      "keggname": "Staphylococcus aureus infection"
    }
  }, 
  {
    "model": "irndb2.kegg", 
    "fields": {
      "id": 118, 
      "keggid": "path:mmu05330", 
      "keggname": "Allograft rejection"
    }
  }, 
  {
    "model": "irndb2.kegg", 
    "fields": {
      "id": 119, 
      "keggid": "path:mmu05416", 
      "keggname": "Viral myocarditis"
    }
  }, 
  {
    "model": "irndb2.kegg", 
    "fields": {
      "id": 120, 
      "keggid": "path:mmu00250", 
      "keggname": "Alanine, aspartate and glutamate metabolism"
    }
  }, 
  {
    "model": "irndb2.kegg", 
    "fields": {
      "id": 121, 
      "keggid": "path:mmu00270", 
      "keggname": "Cysteine and methionine metabolism"
    }
  }, 
  {
    "model": "irndb2.kegg", 
    "fields": {
      "id": 122, 
      "keggid": "path:mmu00280", 
      "keggname": "Valine, leucine and isoleucine degradation"
    }
  }, 
  {
    "model": "irndb2.kegg", 
    "fields": {
      "id": 123, 
      "keggid": "path:mmu00350", 
      "keggname": "Tyrosine metabolism"
    }
  }, 
  {
    "model": "irndb2.kegg", 
    "fields": {
      "id": 124, 
      "keggid": "path:mmu00360", 
      "keggname": "Phenylalanine metabolism"
    }
  }, 
  {
    "model": "irndb2.kegg", 
    "fields": {
      "id": 125, 
      "keggid": "path:mmu00380", 
      "keggname": "Tryptophan metabolism"
    }
  }, 
  {
    "model": "irndb2.kegg", 
    "fields": {
      "id": 126, 
      "keggid": "path:mmu00400", 
      "keggname": "Phenylalanine, tyrosine and tryptophan biosynthesis"
    }
  }, 
  {
    "model": "irndb2.kegg", 
    "fields": {
      "id": 127, 
      "keggid": "path:mmu04710", 
      "keggname": "Circadian rhythm - mammal"
    }
  }, 
  {
    "model": "irndb2.kegg", 
    "fields": {
      "id": 128, 
      "keggid": "path:mmu04510", 
      "keggname": "Focal adhesion"
    }
  }, 
  {
    "model": "irndb2.kegg", 
    "fields": {
      "id": 129, 
      "keggid": "path:mmu04520", 
      "keggname": "Adherens junction"
    }
  }, 
  {
    "model": "irndb2.kegg", 
    "fields": {
      "id": 130, 
      "keggid": "path:mmu05410", 
      "keggname": "Hypertrophic cardiomyopathy (HCM)"
    }
  }, 
  {
    "model": "irndb2.kegg", 
    "fields": {
      "id": 131, 
      "keggid": "path:mmu05414", 
      "keggname": "Dilated cardiomyopathy"
    }
  }, 
  {
    "model": "irndb2.kegg", 
    "fields": {
      "id": 132, 
      "keggid": "path:mmu05142", 
      "keggname": "Chagas disease (American trypanosomiasis)"
    }
  }, 
  {
    "model": "irndb2.kegg", 
    "fields": {
      "id": 133, 
      "keggid": "path:mmu04910", 
      "keggname": "Insulin signaling pathway"
    }
  }, 
  {
    "model": "irndb2.kegg", 
    "fields": {
      "id": 134, 
      "keggid": "path:mmu05132", 
      "keggname": "Salmonella infection"
    }
  }, 
  {
    "model": "irndb2.kegg", 
    "fields": {
      "id": 135, 
      "keggid": "path:mmu04012", 
      "keggname": "ErbB signaling pathway"
    }
  }, 
  {
    "model": "irndb2.kegg", 
    "fields": {
      "id": 136, 
      "keggid": "path:mmu04150", 
      "keggname": "mTOR signaling pathway"
    }
  }, 
  {
    "model": "irndb2.kegg", 
    "fields": {
      "id": 137, 
      "keggid": "path:mmu04914", 
      "keggname": "Progesterone-mediated oocyte maturation"
    }
  }, 
  {
    "model": "irndb2.kegg", 
    "fields": {
      "id": 138, 
      "keggid": "path:mmu04930", 
      "keggname": "Type II diabetes mellitus"
    }
  }, 
  {
    "model": "irndb2.kegg", 
    "fields": {
      "id": 139, 
      "keggid": "path:mmu04960", 
      "keggname": "Aldosterone-regulated sodium reabsorption"
    }
  }, 
  {
    "model": "irndb2.kegg", 
    "fields": {
      "id": 140, 
      "keggid": "path:mmu04973", 
      "keggname": "Carbohydrate digestion and absorption"
    }
  }, 
  {
    "model": "irndb2.kegg", 
    "fields": {
      "id": 141, 
      "keggid": "path:mmu05210", 
      "keggname": "Colorectal cancer"
    }
  }, 
  {
    "model": "irndb2.kegg", 
    "fields": {
      "id": 142, 
      "keggid": "path:mmu05211", 
      "keggname": "Renal cell carcinoma"
    }
  }, 
  {
    "model": "irndb2.kegg", 
    "fields": {
      "id": 143, 
      "keggid": "path:mmu05212", 
      "keggname": "Pancreatic cancer"
    }
  }, 
  {
    "model": "irndb2.kegg", 
    "fields": {
      "id": 144, 
      "keggid": "path:mmu05213", 
      "keggname": "Endometrial cancer"
    }
  }, 
  {
    "model": "irndb2.kegg", 
    "fields": {
      "id": 145, 
      "keggid": "path:mmu05214", 
      "keggname": "Glioma"
    }
  }, 
  {
    "model": "irndb2.kegg", 
    "fields": {
      "id": 146, 
      "keggid": "path:mmu05220", 
      "keggname": "Chronic myeloid leukemia"
    }
  }, 
  {
    "model": "irndb2.kegg", 
    "fields": {
      "id": 147, 
      "keggid": "path:mmu05223", 
      "keggname": "Non-small cell lung cancer"
    }
  }, 
  {
    "model": "irndb2.kegg", 
    "fields": {
      "id": 148, 
      "keggid": "path:mmu04115", 
      "keggname": "p53 signaling pathway"
    }
  }, 
  {
    "model": "irndb2.kegg", 
    "fields": {
      "id": 149, 
      "keggid": "path:mmu04727", 
      "keggname": "GABAergic synapse"
    }
  }, 
  {
    "model": "irndb2.kegg", 
    "fields": {
      "id": 150, 
      "keggid": "path:mmu03440", 
      "keggname": "Homologous recombination"
    }
  }, 
  {
    "model": "irndb2.kegg", 
    "fields": {
      "id": 151, 
      "keggid": "path:mmu03450", 
      "keggname": "Non-homologous end-joining"
    }
  }, 
  {
    "model": "irndb2.kegg", 
    "fields": {
      "id": 152, 
      "keggid": "path:mmu03008", 
      "keggname": "Ribosome biogenesis in eukaryotes"
    }
  }, 
  {
    "model": "irndb2.kegg", 
    "fields": {
      "id": 153, 
      "keggid": "path:mmu05144", 
      "keggname": "Malaria"
    }
  }, 
  {
    "model": "irndb2.kegg", 
    "fields": {
      "id": 154, 
      "keggid": "path:mmu04146", 
      "keggname": "Peroxisome"
    }
  }, 
  {
    "model": "irndb2.kegg", 
    "fields": {
      "id": 155, 
      "keggid": "path:mmu05134", 
      "keggname": "Legionellosis"
    }
  }, 
  {
    "model": "irndb2.kegg", 
    "fields": {
      "id": 156, 
      "keggid": "path:mmu04975", 
      "keggname": "Fat digestion and absorption"
    }
  }, 
  {
    "model": "irndb2.kegg", 
    "fields": {
      "id": 157, 
      "keggid": "path:mmu03420", 
      "keggname": "Nucleotide excision repair"
    }
  }, 
  {
    "model": "irndb2.kegg", 
    "fields": {
      "id": 158, 
      "keggid": "path:mmu05133", 
      "keggname": "Pertussis"
    }
  }, 
  {
    "model": "irndb2.kegg", 
    "fields": {
      "id": 159, 
      "keggid": "path:mmu00052", 
      "keggname": "Galactose metabolism"
    }
  }, 
  {
    "model": "irndb2.kegg", 
    "fields": {
      "id": 160, 
      "keggid": "path:mmu00590", 
      "keggname": "Arachidonic acid metabolism"
    }
  }, 
  {
    "model": "irndb2.kegg", 
    "fields": {
      "id": 161, 
      "keggid": "path:mmu03430", 
      "keggname": "Mismatch repair"
    }
  }, 
  {
    "model": "irndb2.kegg", 
    "fields": {
      "id": 162, 
      "keggid": "path:mmu05340", 
      "keggname": "Primary immunodeficiency"
    }
  }, 
  {
    "model": "irndb2.kegg", 
    "fields": {
      "id": 163, 
      "keggid": "path:mmu04270", 
      "keggname": "Vascular smooth muscle contraction"
    }
  }, 
  {
    "model": "irndb2.kegg", 
    "fields": {
      "id": 164, 
      "keggid": "path:mmu03030", 
      "keggname": "DNA replication"
    }
  }, 
  {
    "model": "irndb2.kegg", 
    "fields": {
      "id": 165, 
      "keggid": "path:mmu04730", 
      "keggname": "Long-term depression"
    }
  }, 
  {
    "model": "irndb2.kegg", 
    "fields": {
      "id": 166, 
      "keggid": "path:mmu04912", 
      "keggname": "GnRH signaling pathway"
    }
  }, 
  {
    "model": "irndb2.kegg", 
    "fields": {
      "id": 167, 
      "keggid": "path:mmu04977", 
      "keggname": "Vitamin digestion and absorption"
    }
  }, 
  {
    "model": "irndb2.kegg", 
    "fields": {
      "id": 168, 
      "keggid": "path:mmu03320", 
      "keggname": "PPAR signaling pathway"
    }
  }, 
  {
    "model": "irndb2.kegg", 
    "fields": {
      "id": 169, 
      "keggid": "path:mmu05032", 
      "keggname": "Morphine addiction"
    }
  }, 
  {
    "model": "irndb2.kegg", 
    "fields": {
      "id": 170, 
      "keggid": "path:mmu04972", 
      "keggname": "Pancreatic secretion"
    }
  }, 
  {
    "model": "irndb2.kegg", 
    "fields": {
      "id": 171, 
      "keggid": "path:mmu04340", 
      "keggname": "Hedgehog signaling pathway"
    }
  }, 
  {
    "model": "irndb2.kegg", 
    "fields": {
      "id": 172, 
      "keggid": "path:mmu04916", 
      "keggname": "Melanogenesis"
    }
  }, 
  {
    "model": "irndb2.kegg", 
    "fields": {
      "id": 173, 
      "keggid": "path:mmu05217", 
      "keggname": "Basal cell carcinoma"
    }
  }, 
  {
    "model": "irndb2.kegg", 
    "fields": {
      "id": 174, 
      "keggid": "path:mmu00051", 
      "keggname": "Fructose and mannose metabolism"
    }
  }, 
  {
    "model": "irndb2.kegg", 
    "fields": {
      "id": 175, 
      "keggid": "path:mmu04920", 
      "keggname": "Adipocytokine signaling pathway"
    }
  }, 
  {
    "model": "irndb2.kegg", 
    "fields": {
      "id": 176, 
      "keggid": "path:mmu04964", 
      "keggname": "Proximal tubule bicarbonate reclamation"
    }
  }, 
  {
    "model": "irndb2.kegg", 
    "fields": {
      "id": 177, 
      "keggid": "path:mmu04966", 
      "keggname": "Collecting duct acid secretion"
    }
  }, 
  {
    "model": "irndb2.kegg", 
    "fields": {
      "id": 178, 
      "keggid": "path:mmu00514", 
      "keggname": "Other types of O-glycan biosynthesis"
    }
  }, 
  {
    "model": "irndb2.kegg", 
    "fields": {
      "id": 179, 
      "keggid": "path:mmu05219", 
      "keggname": "Bladder cancer"
    }
  }, 
  {
    "model": "irndb2.kegg", 
    "fields": {
      "id": 180, 
      "keggid": "path:mmu05143", 
      "keggname": "African trypanosomiasis"
    }
  }, 
  {
    "model": "irndb2.kegg", 
    "fields": {
      "id": 181, 
      "keggid": "path:mmu04320", 
      "keggname": "Dorso-ventral axis formation"
    }
  }, 
  {
    "model": "irndb2.kegg", 
    "fields": {
      "id": 182, 
      "keggid": "path:mmu00531", 
      "keggname": "Glycosaminoglycan degradation"
    }
  }, 
  {
    "model": "irndb2.kegg", 
    "fields": {
      "id": 183, 
      "keggid": "path:mmu03410", 
      "keggname": "Base excision repair"
    }
  }, 
  {
    "model": "irndb2.kegg", 
    "fields": {
      "id": 184, 
      "keggid": "path:mmu00565", 
      "keggname": "Ether lipid metabolism"
    }
  }, 
  {
    "model": "irndb2.kegg", 
    "fields": {
      "id": 185, 
      "keggid": "path:mmu00591", 
      "keggname": "Linoleic acid metabolism"
    }
  }, 
  {
    "model": "irndb2.kegg", 
    "fields": {
      "id": 186, 
      "keggid": "path:mmu00592", 
      "keggname": "alpha-Linolenic acid metabolism"
    }
  }, 
  {
    "model": "irndb2.kegg", 
    "fields": {
      "id": 187, 
      "keggid": "path:mmu00330", 
      "keggname": "Arginine and proline metabolism"
    }
  }, 
  {
    "model": "irndb2.kegg", 
    "fields": {
      "id": 188, 
      "keggid": "path:mmu00020", 
      "keggname": "Citrate cycle (TCA cycle)"
    }
  }, 
  {
    "model": "irndb2.kegg", 
    "fields": {
      "id": 189, 
      "keggid": "path:mmu00100", 
      "keggname": "Steroid biosynthesis"
    }
  }, 
  {
    "model": "irndb2.kegg", 
    "fields": {
      "id": 190, 
      "keggid": "path:mmu00562", 
      "keggname": "Inositol phosphate metabolism"
    }
  }, 
  {
    "model": "irndb2.kegg", 
    "fields": {
      "id": 191, 
      "keggid": "path:mmu00983", 
      "keggname": "Drug metabolism - other enzymes"
    }
  }, 
  {
    "model": "irndb2.kegg", 
    "fields": {
      "id": 192, 
      "keggid": "path:mmu00072", 
      "keggname": "Synthesis and degradation of ketone bodies"
    }
  }, 
  {
    "model": "irndb2.kegg", 
    "fields": {
      "id": 193, 
      "keggid": "path:mmu00650", 
      "keggname": "Butanoate metabolism"
    }
  }, 
  {
    "model": "irndb2.kegg", 
    "fields": {
      "id": 194, 
      "keggid": "path:mmu00900", 
      "keggname": "Terpenoid backbone biosynthesis"
    }
  }, 
  {
    "model": "irndb2.kegg", 
    "fields": {
      "id": 195, 
      "keggid": "path:mmu00030", 
      "keggname": "Pentose phosphate pathway"
    }
  }, 
  {
    "model": "irndb2.kegg", 
    "fields": {
      "id": 196, 
      "keggid": "path:mmu00260", 
      "keggname": "Glycine, serine and threonine metabolism"
    }
  }, 
  {
    "model": "irndb2.kegg", 
    "fields": {
      "id": 197, 
      "keggid": "path:mmu00460", 
      "keggname": "Cyanoamino acid metabolism"
    }
  }, 
  {
    "model": "irndb2.kegg", 
    "fields": {
      "id": 198, 
      "keggid": "path:mmu00630", 
      "keggname": "Glyoxylate and dicarboxylate metabolism"
    }
  }, 
  {
    "model": "irndb2.kegg", 
    "fields": {
      "id": 199, 
      "keggid": "path:mmu00670", 
      "keggname": "One carbon pool by folate"
    }
  }, 
  {
    "model": "irndb2.kegg", 
    "fields": {
      "id": 200, 
      "keggid": "path:mmu00232", 
      "keggname": "Caffeine metabolism"
    }
  }, 
  {
    "model": "irndb2.kegg", 
    "fields": {
      "id": 201, 
      "keggid": "path:mmu00510", 
      "keggname": "N-Glycan biosynthesis"
    }
  }, 
  {
    "model": "irndb2.kegg", 
    "fields": {
      "id": 202, 
      "keggid": "path:mmu00600", 
      "keggname": "Sphingolipid metabolism"
    }
  }, 
  {
    "model": "irndb2.kegg", 
    "fields": {
      "id": 203, 
      "keggid": "path:mmu00512", 
      "keggname": "Mucin type O-Glycan biosynthesis"
    }
  }, 
  {
    "model": "irndb2.kegg", 
    "fields": {
      "id": 204, 
      "keggid": "path:mmu00071", 
      "keggname": "Fatty acid metabolism"
    }
  }, 
  {
    "model": "irndb2.kegg", 
    "fields": {
      "id": 205, 
      "keggid": "path:mmu00410", 
      "keggname": "beta-Alanine metabolism"
    }
  }, 
  {
    "model": "irndb2.kegg", 
    "fields": {
      "id": 206, 
      "keggid": "path:mmu00640", 
      "keggname": "Propanoate metabolism"
    }
  }, 
  {
    "model": "irndb2.kegg", 
    "fields": {
      "id": 207, 
      "keggid": "path:mmu00620", 
      "keggname": "Pyruvate metabolism"
    }
  }, 
  {
    "model": "irndb2.kegg", 
    "fields": {
      "id": 208, 
      "keggid": "path:mmu00533", 
      "keggname": "Glycosaminoglycan biosynthesis - keratan sulfate"
    }
  }, 
  {
    "model": "irndb2.kegg", 
    "fields": {
      "id": 209, 
      "keggid": "path:mmu00601", 
      "keggname": "Glycosphingolipid biosynthesis - lacto and neolacto series"
    }
  }, 
  {
    "model": "irndb2.kegg", 
    "fields": {
      "id": 210, 
      "keggid": "path:mmu00603", 
      "keggname": "Glycosphingolipid biosynthesis - globo series"
    }
  }, 
  {
    "model": "irndb2.kegg", 
    "fields": {
      "id": 211, 
      "keggid": "path:mmu00511", 
      "keggname": "Other glycan degradation"
    }
  }, 
  {
    "model": "irndb2.kegg", 
    "fields": {
      "id": 212, 
      "keggid": "path:mmu00604", 
      "keggname": "Glycosphingolipid biosynthesis - ganglio series"
    }
  }, 
  {
    "model": "irndb2.kegg", 
    "fields": {
      "id": 213, 
      "keggid": "path:mmu00520", 
      "keggname": "Amino sugar and nucleotide sugar metabolism"
    }
  }, 
  {
    "model": "irndb2.kegg", 
    "fields": {
      "id": 214, 
      "keggid": "path:mmu04744", 
      "keggname": "Phototransduction"
    }
  }, 
  {
    "model": "irndb2.kegg", 
    "fields": {
      "id": 215, 
      "keggid": "path:mmu00140", 
      "keggname": "Steroid hormone biosynthesis"
    }
  }, 
  {
    "model": "irndb2.kegg", 
    "fields": {
      "id": 216, 
      "keggid": "path:mmu00970", 
      "keggname": "Aminoacyl-tRNA biosynthesis"
    }
  }, 
  {
    "model": "irndb2.kegg", 
    "fields": {
      "id": 217, 
      "keggid": "path:mmu00062", 
      "keggname": "Fatty acid elongation"
    }
  }, 
  {
    "model": "irndb2.kegg", 
    "fields": {
      "id": 218, 
      "keggid": "path:mmu00040", 
      "keggname": "Pentose and glucuronate interconversions"
    }
  }, 
  {
    "model": "irndb2.kegg", 
    "fields": {
      "id": 219, 
      "keggid": "path:mmu00760", 
      "keggname": "Nicotinate and nicotinamide metabolism"
    }
  }, 
  {
    "model": "irndb2.kegg", 
    "fields": {
      "id": 220, 
      "keggid": "path:mmu00053", 
      "keggname": "Ascorbate and aldarate metabolism"
    }
  }, 
  {
    "model": "irndb2.kegg", 
    "fields": {
      "id": 221, 
      "keggid": "path:mmu00500", 
      "keggname": "Starch and sucrose metabolism"
    }
  }, 
  {
    "model": "irndb2.kegg", 
    "fields": {
      "id": 222, 
      "keggid": "path:mmu00860", 
      "keggname": "Porphyrin and chlorophyll metabolism"
    }
  }, 
  {
    "model": "irndb2.kegg", 
    "fields": {
      "id": 223, 
      "keggid": "path:mmu00785", 
      "keggname": "Lipoic acid metabolism"
    }
  }, 
  {
    "model": "irndb2.kegg", 
    "fields": {
      "id": 224, 
      "keggid": "path:mmu00120", 
      "keggname": "Primary bile acid biosynthesis"
    }
  }, 
  {
    "model": "irndb2.kegg", 
    "fields": {
      "id": 225, 
      "keggid": "path:mmu00750", 
      "keggname": "Vitamin B6 metabolism"
    }
  }, 
  {
    "model": "irndb2.kegg", 
    "fields": {
      "id": 226, 
      "keggid": "path:mmu00532", 
      "keggname": "Glycosaminoglycan biosynthesis - chondroitin sulfate"
    }
  }, 
  {
    "model": "irndb2.kegg", 
    "fields": {
      "id": 227, 
      "keggid": "path:mmu00920", 
      "keggname": "Sulfur metabolism"
    }
  }, 
  {
    "model": "irndb2.kegg", 
    "fields": {
      "id": 228, 
      "keggid": "path:mmu04614", 
      "keggname": "Renin-angiotensin system"
    }
  }, 
  {
    "model": "irndb2.kegg", 
    "fields": {
      "id": 229, 
      "keggid": "path:mmu00340", 
      "keggname": "Histidine metabolism"
    }
  }, 
  {
    "model": "irndb2.kegg", 
    "fields": {
      "id": 230, 
      "keggid": "path:mmu00563", 
      "keggname": "Glycosylphosphatidylinositol(GPI)-anchor biosynthesis"
    }
  }, 
  {
    "model": "irndb2.kegg", 
    "fields": {
      "id": 231, 
      "keggid": "path:mmu00310", 
      "keggname": "Lysine degradation"
    }
  }, 
  {
    "model": "irndb2.kegg", 
    "fields": {
      "id": 232, 
      "keggid": "path:mmu00770", 
      "keggname": "Pantothenate and CoA biosynthesis"
    }
  }, 
  {
    "model": "irndb2.kegg", 
    "fields": {
      "id": 233, 
      "keggid": "path:mmu00534", 
      "keggname": "Glycosaminoglycan biosynthesis - heparan sulfate"
    }
  }, 
  {
    "model": "irndb2.kegg", 
    "fields": {
      "id": 234, 
      "keggid": "path:mmu00430", 
      "keggname": "Taurine and hypotaurine metabolism"
    }
  }, 
  {
    "model": "irndb2.kegg", 
    "fields": {
      "id": 235, 
      "keggid": "path:mmu00730", 
      "keggname": "Thiamine metabolism"
    }
  }, 
  {
    "model": "irndb2.kegg", 
    "fields": {
      "id": 236, 
      "keggid": "path:mmu04122", 
      "keggname": "Sulfur relay system"
    }
  }, 
  {
    "model": "irndb2.kegg", 
    "fields": {
      "id": 237, 
      "keggid": "path:mmu00740", 
      "keggname": "Riboflavin metabolism"
    }
  }, 
  {
    "model": "irndb2.kegg", 
    "fields": {
      "id": 238, 
      "keggid": "path:mmu00061", 
      "keggname": "Fatty acid biosynthesis"
    }
  }, 
  {
    "model": "irndb2.kegg", 
    "fields": {
      "id": 239, 
      "keggid": "path:mmu00790", 
      "keggname": "Folate biosynthesis"
    }
  }, 
  {
    "model": "irndb2.kegg", 
    "fields": {
      "id": 240, 
      "keggid": "path:mmu05033", 
      "keggname": "Nicotine addiction"
    }
  }, 
  {
    "model": "irndb2.kegg", 
    "fields": {
      "id": 241, 
      "keggid": "path:mmu01040", 
      "keggname": "Biosynthesis of unsaturated fatty acids"
    }
  }
]