[
  {
    "model": "irndb2.lncrna", 
    "fields": {
      "id": 1, 
      "lsymbol": "1700007L15Rik", 
      "lgeneid": "100502742", 
      "lname": "RIKEN cDNA 1700007L15 gene", 
      "lalias": "linc-Iqcg,linc1609", 
      "llink": "http://www.ncbi.nlm.nih.gov/gene/100502742", 
      "num_immune_strict": 12, 
      "num_immune": 38
    }
  }, 
  {
    "model": "irndb2.lncrna", 
    "fields": {
      "id": 2, 
      "lsymbol": "91H", 
      "lgeneid": "", 
      "lname": "", 
      "lalias": "", 
      "llink": "http://www.ncbi.nlm.nih.gov/nuccore/?term=91H", 
      "num_immune_strict": 0, 
      "num_immune": 1
    }
  }, 
  {
    "model": "irndb2.lncrna", 
    "fields": {
      "id": 3, 
      "lsymbol": "A130040M12Rik", 
      "lgeneid": "319269", 
      "lname": "RIKEN cDNA A130040M12 gene", 
      "lalias": "CA782090,H3053C11,VL30", 
      "llink": "http://www.ncbi.nlm.nih.gov/gene/319269", 
      "num_immune_strict": 1, 
      "num_immune": 1
    }
  }, 
  {
    "model": "irndb2.lncrna", 
    "fields": {
      "id": 4, 
      "lsymbol": "Adapt15", 
      "lgeneid": "", 
      "lname": "", 
      "lalias": "", 
      "llink": "http://www.ncbi.nlm.nih.gov/nuccore/?term=Adapt15", 
      "num_immune_strict": 1, 
      "num_immune": 1
    }
  }, 
  {
    "model": "irndb2.lncrna", 
    "fields": {
      "id": 5, 
      "lsymbol": "Airn", 
      "lgeneid": "104103", 
      "lname": "antisense Igf2r RNA", 
      "lalias": "2810051F02Rik,2810434M15Rik,AI256653,AI597500,AW049873,Air,B930018I07Rik,D17Ertd663e,IGF2RAS", 
      "llink": "http://www.ncbi.nlm.nih.gov/gene/104103", 
      "num_immune_strict": 3, 
      "num_immune": 4
    }
  }, 
  {
    "model": "irndb2.lncrna", 
    "fields": {
      "id": 6, 
      "lsymbol": "AK005218", 
      "lgeneid": "", 
      "lname": "", 
      "lalias": "", 
      "llink": "http://www.ncbi.nlm.nih.gov/nuccore/?term=AK005218", 
      "num_immune_strict": 232, 
      "num_immune": 600
    }
  }, 
  {
    "model": "irndb2.lncrna", 
    "fields": {
      "id": 7, 
      "lsymbol": "AK016444", 
      "lgeneid": "", 
      "lname": "", 
      "lalias": "", 
      "llink": "http://www.ncbi.nlm.nih.gov/nuccore/?term=AK016444", 
      "num_immune_strict": 435, 
      "num_immune": 1156
    }
  }, 
  {
    "model": "irndb2.lncrna", 
    "fields": {
      "id": 8, 
      "lsymbol": "AK017076", 
      "lgeneid": "", 
      "lname": "", 
      "lalias": "", 
      "llink": "http://www.ncbi.nlm.nih.gov/nuccore/?term=AK017076", 
      "num_immune_strict": 39, 
      "num_immune": 79
    }
  }, 
  {
    "model": "irndb2.lncrna", 
    "fields": {
      "id": 9, 
      "lsymbol": "AK017619", 
      "lgeneid": "", 
      "lname": "", 
      "lalias": "", 
      "llink": "http://www.ncbi.nlm.nih.gov/nuccore/12856954", 
      "num_immune_strict": 0, 
      "num_immune": 1
    }
  }, 
  {
    "model": "irndb2.lncrna", 
    "fields": {
      "id": 10, 
      "lsymbol": "AK018581", 
      "lgeneid": "", 
      "lname": "", 
      "lalias": "", 
      "llink": "http://www.ncbi.nlm.nih.gov/nuccore/12858360", 
      "num_immune_strict": 1, 
      "num_immune": 1
    }
  }, 
  {
    "model": "irndb2.lncrna", 
    "fields": {
      "id": 11, 
      "lsymbol": "AK028326", 
      "lgeneid": "", 
      "lname": "", 
      "lalias": "", 
      "llink": "http://www.ncbi.nlm.nih.gov/nuccore/?term=AK028326", 
      "num_immune_strict": 4, 
      "num_immune": 11
    }
  }, 
  {
    "model": "irndb2.lncrna", 
    "fields": {
      "id": 12, 
      "lsymbol": "AK030946", 
      "lgeneid": "", 
      "lname": "", 
      "lalias": "", 
      "llink": "http://www.ncbi.nlm.nih.gov/nuccore/?term=AK030946", 
      "num_immune_strict": 586, 
      "num_immune": 1601
    }
  }, 
  {
    "model": "irndb2.lncrna", 
    "fields": {
      "id": 13, 
      "lsymbol": "AK040027", 
      "lgeneid": "", 
      "lname": "", 
      "lalias": "", 
      "llink": "http://www.ncbi.nlm.nih.gov/nuccore/?term=AK040027", 
      "num_immune_strict": 160, 
      "num_immune": 402
    }
  }, 
  {
    "model": "irndb2.lncrna", 
    "fields": {
      "id": 14, 
      "lsymbol": "AK040954", 
      "lgeneid": "", 
      "lname": "", 
      "lalias": "", 
      "llink": "http://www.ncbi.nlm.nih.gov/nuccore/?term=AK040954", 
      "num_immune_strict": 439, 
      "num_immune": 1215
    }
  }, 
  {
    "model": "irndb2.lncrna", 
    "fields": {
      "id": 15, 
      "lsymbol": "AK045070", 
      "lgeneid": "", 
      "lname": "", 
      "lalias": "", 
      "llink": "http://www.ncbi.nlm.nih.gov/nuccore/26337048", 
      "num_immune_strict": 0, 
      "num_immune": 1
    }
  }, 
  {
    "model": "irndb2.lncrna", 
    "fields": {
      "id": 16, 
      "lsymbol": "AK045415", 
      "lgeneid": "", 
      "lname": "", 
      "lalias": "", 
      "llink": "http://www.ncbi.nlm.nih.gov/nuccore/?term=AK045415", 
      "num_immune_strict": 375, 
      "num_immune": 1022
    }
  }, 
  {
    "model": "irndb2.lncrna", 
    "fields": {
      "id": 17, 
      "lsymbol": "AK053922", 
      "lgeneid": "", 
      "lname": "", 
      "lalias": "", 
      "llink": "http://www.ncbi.nlm.nih.gov/nuccore/26096052", 
      "num_immune_strict": 0, 
      "num_immune": 1
    }
  }, 
  {
    "model": "irndb2.lncrna", 
    "fields": {
      "id": 18, 
      "lsymbol": "AK133808", 
      "lgeneid": "", 
      "lname": "", 
      "lalias": "", 
      "llink": "http://www.ncbi.nlm.nih.gov/nuccore/74228720", 
      "num_immune_strict": 0, 
      "num_immune": 1
    }
  }, 
  {
    "model": "irndb2.lncrna", 
    "fields": {
      "id": 19, 
      "lsymbol": "AK136742", 
      "lgeneid": "", 
      "lname": "", 
      "lalias": "", 
      "llink": "http://www.ncbi.nlm.nih.gov/nuccore/?term=AK136742", 
      "num_immune_strict": 467, 
      "num_immune": 1265
    }
  }, 
  {
    "model": "irndb2.lncrna", 
    "fields": {
      "id": 20, 
      "lsymbol": "AK139328", 
      "lgeneid": "", 
      "lname": "", 
      "lalias": "", 
      "llink": "http://www.ncbi.nlm.nih.gov/nuccore/?term=AK139328", 
      "num_immune_strict": 6, 
      "num_immune": 7
    }
  }, 
  {
    "model": "irndb2.lncrna", 
    "fields": {
      "id": 21, 
      "lsymbol": "AK141205", 
      "lgeneid": "", 
      "lname": "", 
      "lalias": "", 
      "llink": "http://www.ncbi.nlm.nih.gov/nuccore/?term=AK141205", 
      "num_immune_strict": 7, 
      "num_immune": 15
    }
  }, 
  {
    "model": "irndb2.lncrna", 
    "fields": {
      "id": 22, 
      "lsymbol": "AK141895", 
      "lgeneid": "", 
      "lname": "", 
      "lalias": "", 
      "llink": "http://www.ncbi.nlm.nih.gov/nuccore/74202641", 
      "num_immune_strict": 0, 
      "num_immune": 1
    }
  }, 
  {
    "model": "irndb2.lncrna", 
    "fields": {
      "id": 23, 
      "lsymbol": "AK154427", 
      "lgeneid": "", 
      "lname": "", 
      "lalias": "", 
      "llink": "http://www.ncbi.nlm.nih.gov/nuccore/74181733", 
      "num_immune_strict": 1, 
      "num_immune": 1
    }
  }, 
  {
    "model": "irndb2.lncrna", 
    "fields": {
      "id": 24, 
      "lsymbol": "AK161599", 
      "lgeneid": "", 
      "lname": "", 
      "lalias": "", 
      "llink": "http://www.ncbi.nlm.nih.gov/nuccore/?term=AK161599", 
      "num_immune_strict": 303, 
      "num_immune": 942
    }
  }, 
  {
    "model": "irndb2.lncrna", 
    "fields": {
      "id": 25, 
      "lsymbol": "alncRNA-EC7", 
      "lgeneid": "", 
      "lname": "", 
      "lalias": "", 
      "llink": "http://www.ncbi.nlm.nih.gov/nuccore/?term=alncRNA-EC7", 
      "num_immune_strict": 0, 
      "num_immune": 1
    }
  }, 
  {
    "model": "irndb2.lncrna", 
    "fields": {
      "id": 26, 
      "lsymbol": "B2-SINE-RNA", 
      "lgeneid": "", 
      "lname": "", 
      "lalias": "", 
      "llink": "http://www.ncbi.nlm.nih.gov/nuccore/?term=B2-SINE-RNA", 
      "num_immune_strict": 0, 
      "num_immune": 2
    }
  }, 
  {
    "model": "irndb2.lncrna", 
    "fields": {
      "id": 27, 
      "lsymbol": "Bc1", 
      "lgeneid": "100568459", 
      "lname": "brain cytoplasmic RNA 1", 
      "lalias": "Gm24367", 
      "llink": "http://www.ncbi.nlm.nih.gov/gene/100568459", 
      "num_immune_strict": 1, 
      "num_immune": 2
    }
  }, 
  {
    "model": "irndb2.lncrna", 
    "fields": {
      "id": 28, 
      "lsymbol": "Bcyrn1", 
      "lgeneid": "", 
      "lname": "", 
      "lalias": "", 
      "llink": "http://www.ncbi.nlm.nih.gov/nuccore/?term=Bcyrn1", 
      "num_immune_strict": 0, 
      "num_immune": 1
    }
  }, 
  {
    "model": "irndb2.lncrna", 
    "fields": {
      "id": 29, 
      "lsymbol": "Blnc1", 
      "lgeneid": "", 
      "lname": "", 
      "lalias": "", 
      "llink": "http://www.ncbi.nlm.nih.gov/nuccore/?term=Blnc1", 
      "num_immune_strict": 3, 
      "num_immune": 6
    }
  }, 
  {
    "model": "irndb2.lncrna", 
    "fields": {
      "id": 30, 
      "lsymbol": "Bvht", 
      "lgeneid": "545261", 
      "lname": "braveheart long non-coding RNA", 
      "lalias": "Braveheart,Gm20748", 
      "llink": "http://www.ncbi.nlm.nih.gov/gene/545261", 
      "num_immune_strict": 1, 
      "num_immune": 6
    }
  }, 
  {
    "model": "irndb2.lncrna", 
    "fields": {
      "id": 31, 
      "lsymbol": "Dleu2", 
      "lgeneid": "668253", 
      "lname": "deleted in lymphocytic leukemia, 2", 
      "lalias": "1810047A16Rik,4932411A06Rik,7730401J12Rik,AI197277,AI788824,Alt1,Gm9069,Leu2", 
      "llink": "http://www.ncbi.nlm.nih.gov/gene/668253", 
      "num_immune_strict": 1, 
      "num_immune": 1
    }
  }, 
  {
    "model": "irndb2.lncrna", 
    "fields": {
      "id": 32, 
      "lsymbol": "Dlx6os1", 
      "lgeneid": "320038", 
      "lname": "distal-less homeobox 6, opposite strand 1", 
      "lalias": "A230055N17Rik,Dlx6as1,Evf-1,Evf-2,Evf1,Evf1/2,Evf2,Shhrs,mEvf-1", 
      "llink": "http://www.ncbi.nlm.nih.gov/gene/320038", 
      "num_immune_strict": 1, 
      "num_immune": 2
    }
  }, 
  {
    "model": "irndb2.lncrna", 
    "fields": {
      "id": 33, 
      "lsymbol": "Dmrt2", 
      "lgeneid": "226049", 
      "lname": "doublesex and mab-3 related transcription factor 2", 
      "lalias": "Terra", 
      "llink": "http://www.ncbi.nlm.nih.gov/gene/226049", 
      "num_immune_strict": 0, 
      "num_immune": 1
    }
  }, 
  {
    "model": "irndb2.lncrna", 
    "fields": {
      "id": 34, 
      "lsymbol": "Fendrr", 
      "lgeneid": "68790", 
      "lname": "Foxf1 adjacent non-coding developmental regulatory RNA", 
      "lalias": "1110050K14Rik,LL66,linc-Foxf1a,lincFoxf1", 
      "llink": "http://www.ncbi.nlm.nih.gov/gene/68790", 
      "num_immune_strict": 12, 
      "num_immune": 37
    }
  }, 
  {
    "model": "irndb2.lncrna", 
    "fields": {
      "id": 35, 
      "lsymbol": "G730013B05Rik", 
      "lgeneid": "619312", 
      "lname": "RIKEN cDNA G730013B05 gene", 
      "lalias": "linc-Cblb,linc1610", 
      "llink": "http://www.ncbi.nlm.nih.gov/gene/619312", 
      "num_immune_strict": 148, 
      "num_immune": 401
    }
  }, 
  {
    "model": "irndb2.lncrna", 
    "fields": {
      "id": 36, 
      "lsymbol": "Gm2694", 
      "lgeneid": "100040294", 
      "lname": "predicted gene 2694", 
      "lalias": "C230036H16Rik,linc1582", 
      "llink": "http://www.ncbi.nlm.nih.gov/gene/100040294", 
      "num_immune_strict": 17, 
      "num_immune": 59
    }
  }, 
  {
    "model": "irndb2.lncrna", 
    "fields": {
      "id": 37, 
      "lsymbol": "H19", 
      "lgeneid": "14955", 
      "lname": "H19, imprinted maternally expressed transcript", 
      "lalias": "AI747191", 
      "llink": "http://www.ncbi.nlm.nih.gov/gene/14955", 
      "num_immune_strict": 0, 
      "num_immune": 1
    }
  }, 
  {
    "model": "irndb2.lncrna", 
    "fields": {
      "id": 38, 
      "lsymbol": "Halr1", 
      "lgeneid": "102635415", 
      "lname": "Hoxa adjacent long noncoding RNA 1", 
      "lalias": "Gm15055,Haunt,Linchoxa1,OTTMUSG00000018881,linc-Evx1,linc-Hoxa1,linc1547", 
      "llink": "http://www.ncbi.nlm.nih.gov/gene/102635415", 
      "num_immune_strict": 1, 
      "num_immune": 1
    }
  }, 
  {
    "model": "irndb2.lncrna", 
    "fields": {
      "id": 39, 
      "lsymbol": "Hm629797", 
      "lgeneid": "101101691", 
      "lname": "cDNA sequence HM629797", 
      "lalias": "Mrhl", 
      "llink": "http://www.ncbi.nlm.nih.gov/gene/101101691", 
      "num_immune_strict": 4, 
      "num_immune": 14
    }
  }, 
  {
    "model": "irndb2.lncrna", 
    "fields": {
      "id": 40, 
      "lsymbol": "Kcnq1ot1", 
      "lgeneid": "63830", 
      "lname": "KCNQ1 overlapping transcript 1", 
      "lalias": "Kvlqt1-as,Lit1,Tssc8", 
      "llink": "http://www.ncbi.nlm.nih.gov/gene/63830", 
      "num_immune_strict": 2, 
      "num_immune": 4
    }
  }, 
  {
    "model": "irndb2.lncrna", 
    "fields": {
      "id": 41, 
      "lsymbol": "linc1230", 
      "lgeneid": "", 
      "lname": "", 
      "lalias": "", 
      "llink": "http://www.ncbi.nlm.nih.gov/nuccore/?term=linc1230", 
      "num_immune_strict": 0, 
      "num_immune": 1
    }
  }, 
  {
    "model": "irndb2.lncrna", 
    "fields": {
      "id": 42, 
      "lsymbol": "linc1239", 
      "lgeneid": "", 
      "lname": "", 
      "lalias": "", 
      "llink": "http://www.ncbi.nlm.nih.gov/nuccore/?term=linc1239", 
      "num_immune_strict": 0, 
      "num_immune": 2
    }
  }, 
  {
    "model": "irndb2.lncrna", 
    "fields": {
      "id": 43, 
      "lsymbol": "linc1242", 
      "lgeneid": "", 
      "lname": "", 
      "lalias": "", 
      "llink": "http://www.ncbi.nlm.nih.gov/nuccore/?term=linc1242", 
      "num_immune_strict": 1, 
      "num_immune": 1
    }
  }, 
  {
    "model": "irndb2.lncrna", 
    "fields": {
      "id": 44, 
      "lsymbol": "linc1259", 
      "lgeneid": "", 
      "lname": "", 
      "lalias": "", 
      "llink": "http://www.ncbi.nlm.nih.gov/nuccore/?term=linc1259", 
      "num_immune_strict": 10, 
      "num_immune": 24
    }
  }, 
  {
    "model": "irndb2.lncrna", 
    "fields": {
      "id": 45, 
      "lsymbol": "linc1261", 
      "lgeneid": "", 
      "lname": "", 
      "lalias": "", 
      "llink": "http://www.ncbi.nlm.nih.gov/nuccore/?term=linc1261", 
      "num_immune_strict": 4, 
      "num_immune": 4
    }
  }, 
  {
    "model": "irndb2.lncrna", 
    "fields": {
      "id": 46, 
      "lsymbol": "linc1262", 
      "lgeneid": "", 
      "lname": "", 
      "lalias": "", 
      "llink": "http://www.ncbi.nlm.nih.gov/nuccore/?term=linc1262", 
      "num_immune_strict": 225, 
      "num_immune": 730
    }
  }, 
  {
    "model": "irndb2.lncrna", 
    "fields": {
      "id": 47, 
      "lsymbol": "linc1270", 
      "lgeneid": "", 
      "lname": "", 
      "lalias": "", 
      "llink": "http://www.ncbi.nlm.nih.gov/nuccore/?term=linc1270", 
      "num_immune_strict": 13, 
      "num_immune": 25
    }
  }, 
  {
    "model": "irndb2.lncrna", 
    "fields": {
      "id": 48, 
      "lsymbol": "linc1274", 
      "lgeneid": "", 
      "lname": "", 
      "lalias": "", 
      "llink": "http://www.ncbi.nlm.nih.gov/nuccore/?term=linc1274", 
      "num_immune_strict": 0, 
      "num_immune": 2
    }
  }, 
  {
    "model": "irndb2.lncrna", 
    "fields": {
      "id": 49, 
      "lsymbol": "linc1283", 
      "lgeneid": "", 
      "lname": "", 
      "lalias": "", 
      "llink": "http://www.ncbi.nlm.nih.gov/nuccore/?term=linc1283", 
      "num_immune_strict": 1, 
      "num_immune": 1
    }
  }, 
  {
    "model": "irndb2.lncrna", 
    "fields": {
      "id": 50, 
      "lsymbol": "linc1290", 
      "lgeneid": "", 
      "lname": "", 
      "lalias": "", 
      "llink": "http://www.ncbi.nlm.nih.gov/nuccore/?term=linc1290", 
      "num_immune_strict": 1, 
      "num_immune": 6
    }
  }, 
  {
    "model": "irndb2.lncrna", 
    "fields": {
      "id": 51, 
      "lsymbol": "linc1293", 
      "lgeneid": "", 
      "lname": "", 
      "lalias": "", 
      "llink": "http://www.ncbi.nlm.nih.gov/nuccore/?term=linc1293", 
      "num_immune_strict": 3, 
      "num_immune": 5
    }
  }, 
  {
    "model": "irndb2.lncrna", 
    "fields": {
      "id": 52, 
      "lsymbol": "linc1307", 
      "lgeneid": "", 
      "lname": "", 
      "lalias": "", 
      "llink": "http://www.ncbi.nlm.nih.gov/nuccore/?term=linc1307", 
      "num_immune_strict": 2, 
      "num_immune": 5
    }
  }, 
  {
    "model": "irndb2.lncrna", 
    "fields": {
      "id": 53, 
      "lsymbol": "linc1312", 
      "lgeneid": "", 
      "lname": "", 
      "lalias": "", 
      "llink": "http://www.ncbi.nlm.nih.gov/nuccore/?term=linc1312", 
      "num_immune_strict": 1, 
      "num_immune": 1
    }
  }, 
  {
    "model": "irndb2.lncrna", 
    "fields": {
      "id": 54, 
      "lsymbol": "linc1313", 
      "lgeneid": "", 
      "lname": "", 
      "lalias": "", 
      "llink": "http://www.ncbi.nlm.nih.gov/nuccore/?term=linc1313", 
      "num_immune_strict": 11, 
      "num_immune": 30
    }
  }, 
  {
    "model": "irndb2.lncrna", 
    "fields": {
      "id": 55, 
      "lsymbol": "linc1315", 
      "lgeneid": "", 
      "lname": "", 
      "lalias": "", 
      "llink": "http://www.ncbi.nlm.nih.gov/nuccore/?term=linc1315", 
      "num_immune_strict": 21, 
      "num_immune": 44
    }
  }, 
  {
    "model": "irndb2.lncrna", 
    "fields": {
      "id": 56, 
      "lsymbol": "linc1316", 
      "lgeneid": "", 
      "lname": "", 
      "lalias": "", 
      "llink": "http://www.ncbi.nlm.nih.gov/nuccore/?term=linc1316", 
      "num_immune_strict": 32, 
      "num_immune": 89
    }
  }, 
  {
    "model": "irndb2.lncrna", 
    "fields": {
      "id": 57, 
      "lsymbol": "linc1328", 
      "lgeneid": "", 
      "lname": "", 
      "lalias": "", 
      "llink": "http://www.ncbi.nlm.nih.gov/nuccore/?term=linc1328", 
      "num_immune_strict": 166, 
      "num_immune": 521
    }
  }, 
  {
    "model": "irndb2.lncrna", 
    "fields": {
      "id": 58, 
      "lsymbol": "linc1343", 
      "lgeneid": "", 
      "lname": "", 
      "lalias": "", 
      "llink": "http://www.ncbi.nlm.nih.gov/nuccore/?term=linc1343", 
      "num_immune_strict": 1, 
      "num_immune": 1
    }
  }, 
  {
    "model": "irndb2.lncrna", 
    "fields": {
      "id": 59, 
      "lsymbol": "linc1346", 
      "lgeneid": "", 
      "lname": "", 
      "lalias": "", 
      "llink": "http://www.ncbi.nlm.nih.gov/nuccore/?term=linc1346", 
      "num_immune_strict": 630, 
      "num_immune": 1791
    }
  }, 
  {
    "model": "irndb2.lncrna", 
    "fields": {
      "id": 60, 
      "lsymbol": "linc1347", 
      "lgeneid": "", 
      "lname": "", 
      "lalias": "", 
      "llink": "http://www.ncbi.nlm.nih.gov/nuccore/?term=linc1347", 
      "num_immune_strict": 38, 
      "num_immune": 135
    }
  }, 
  {
    "model": "irndb2.lncrna", 
    "fields": {
      "id": 61, 
      "lsymbol": "linc1349", 
      "lgeneid": "", 
      "lname": "", 
      "lalias": "", 
      "llink": "http://www.ncbi.nlm.nih.gov/nuccore/?term=linc1349", 
      "num_immune_strict": 4, 
      "num_immune": 17
    }
  }, 
  {
    "model": "irndb2.lncrna", 
    "fields": {
      "id": 62, 
      "lsymbol": "linc1354", 
      "lgeneid": "", 
      "lname": "", 
      "lalias": "", 
      "llink": "http://www.ncbi.nlm.nih.gov/nuccore/?term=linc1354", 
      "num_immune_strict": 77, 
      "num_immune": 249
    }
  }, 
  {
    "model": "irndb2.lncrna", 
    "fields": {
      "id": 63, 
      "lsymbol": "linc1366", 
      "lgeneid": "", 
      "lname": "", 
      "lalias": "", 
      "llink": "http://www.ncbi.nlm.nih.gov/nuccore/?term=linc1366", 
      "num_immune_strict": 0, 
      "num_immune": 9
    }
  }, 
  {
    "model": "irndb2.lncrna", 
    "fields": {
      "id": 64, 
      "lsymbol": "linc1368", 
      "lgeneid": "", 
      "lname": "", 
      "lalias": "", 
      "llink": "http://www.ncbi.nlm.nih.gov/nuccore/?term=linc1368", 
      "num_immune_strict": 1, 
      "num_immune": 1
    }
  }, 
  {
    "model": "irndb2.lncrna", 
    "fields": {
      "id": 65, 
      "lsymbol": "linc1369", 
      "lgeneid": "", 
      "lname": "", 
      "lalias": "", 
      "llink": "http://www.ncbi.nlm.nih.gov/nuccore/?term=linc1369", 
      "num_immune_strict": 0, 
      "num_immune": 1
    }
  }, 
  {
    "model": "irndb2.lncrna", 
    "fields": {
      "id": 66, 
      "lsymbol": "linc1379", 
      "lgeneid": "", 
      "lname": "", 
      "lalias": "", 
      "llink": "http://www.ncbi.nlm.nih.gov/nuccore/?term=linc1379", 
      "num_immune_strict": 1, 
      "num_immune": 1
    }
  }, 
  {
    "model": "irndb2.lncrna", 
    "fields": {
      "id": 67, 
      "lsymbol": "linc1382", 
      "lgeneid": "", 
      "lname": "", 
      "lalias": "", 
      "llink": "http://www.ncbi.nlm.nih.gov/nuccore/?term=linc1382", 
      "num_immune_strict": 238, 
      "num_immune": 769
    }
  }, 
  {
    "model": "irndb2.lncrna", 
    "fields": {
      "id": 68, 
      "lsymbol": "linc1385", 
      "lgeneid": "", 
      "lname": "", 
      "lalias": "", 
      "llink": "http://www.ncbi.nlm.nih.gov/nuccore/?term=linc1385", 
      "num_immune_strict": 55, 
      "num_immune": 152
    }
  }, 
  {
    "model": "irndb2.lncrna", 
    "fields": {
      "id": 69, 
      "lsymbol": "linc1386", 
      "lgeneid": "", 
      "lname": "", 
      "lalias": "", 
      "llink": "http://www.ncbi.nlm.nih.gov/nuccore/?term=linc1386", 
      "num_immune_strict": 7, 
      "num_immune": 28
    }
  }, 
  {
    "model": "irndb2.lncrna", 
    "fields": {
      "id": 70, 
      "lsymbol": "linc1388", 
      "lgeneid": "", 
      "lname": "", 
      "lalias": "", 
      "llink": "http://www.ncbi.nlm.nih.gov/nuccore/?term=linc1388", 
      "num_immune_strict": 338, 
      "num_immune": 1089
    }
  }, 
  {
    "model": "irndb2.lncrna", 
    "fields": {
      "id": 71, 
      "lsymbol": "linc1389", 
      "lgeneid": "", 
      "lname": "", 
      "lalias": "", 
      "llink": "http://www.ncbi.nlm.nih.gov/nuccore/?term=linc1389", 
      "num_immune_strict": 31, 
      "num_immune": 120
    }
  }, 
  {
    "model": "irndb2.lncrna", 
    "fields": {
      "id": 72, 
      "lsymbol": "linc1390", 
      "lgeneid": "", 
      "lname": "", 
      "lalias": "", 
      "llink": "http://www.ncbi.nlm.nih.gov/nuccore/?term=linc1390", 
      "num_immune_strict": 307, 
      "num_immune": 1003
    }
  }, 
  {
    "model": "irndb2.lncrna", 
    "fields": {
      "id": 73, 
      "lsymbol": "linc1391", 
      "lgeneid": "", 
      "lname": "", 
      "lalias": "", 
      "llink": "http://www.ncbi.nlm.nih.gov/nuccore/?term=linc1391", 
      "num_immune_strict": 274, 
      "num_immune": 754
    }
  }, 
  {
    "model": "irndb2.lncrna", 
    "fields": {
      "id": 74, 
      "lsymbol": "linc1399", 
      "lgeneid": "", 
      "lname": "", 
      "lalias": "", 
      "llink": "http://www.ncbi.nlm.nih.gov/nuccore/?term=linc1399", 
      "num_immune_strict": 1, 
      "num_immune": 1
    }
  }, 
  {
    "model": "irndb2.lncrna", 
    "fields": {
      "id": 75, 
      "lsymbol": "linc1400", 
      "lgeneid": "", 
      "lname": "", 
      "lalias": "", 
      "llink": "http://www.ncbi.nlm.nih.gov/nuccore/?term=linc1400", 
      "num_immune_strict": 35, 
      "num_immune": 99
    }
  }, 
  {
    "model": "irndb2.lncrna", 
    "fields": {
      "id": 76, 
      "lsymbol": "linc1410", 
      "lgeneid": "", 
      "lname": "", 
      "lalias": "", 
      "llink": "http://www.ncbi.nlm.nih.gov/nuccore/?term=linc1410", 
      "num_immune_strict": 9, 
      "num_immune": 22
    }
  }, 
  {
    "model": "irndb2.lncrna", 
    "fields": {
      "id": 77, 
      "lsymbol": "linc1411", 
      "lgeneid": "", 
      "lname": "", 
      "lalias": "", 
      "llink": "http://www.ncbi.nlm.nih.gov/nuccore/?term=linc1411", 
      "num_immune_strict": 11, 
      "num_immune": 35
    }
  }, 
  {
    "model": "irndb2.lncrna", 
    "fields": {
      "id": 78, 
      "lsymbol": "linc1412", 
      "lgeneid": "", 
      "lname": "", 
      "lalias": "", 
      "llink": "http://www.ncbi.nlm.nih.gov/nuccore/?term=linc1412", 
      "num_immune_strict": 3, 
      "num_immune": 4
    }
  }, 
  {
    "model": "irndb2.lncrna", 
    "fields": {
      "id": 79, 
      "lsymbol": "linc1413", 
      "lgeneid": "", 
      "lname": "", 
      "lalias": "", 
      "llink": "http://www.ncbi.nlm.nih.gov/nuccore/?term=linc1413", 
      "num_immune_strict": 1, 
      "num_immune": 2
    }
  }, 
  {
    "model": "irndb2.lncrna", 
    "fields": {
      "id": 80, 
      "lsymbol": "linc1418", 
      "lgeneid": "", 
      "lname": "", 
      "lalias": "", 
      "llink": "http://www.ncbi.nlm.nih.gov/nuccore/?term=linc1418", 
      "num_immune_strict": 4, 
      "num_immune": 14
    }
  }, 
  {
    "model": "irndb2.lncrna", 
    "fields": {
      "id": 81, 
      "lsymbol": "linc1419", 
      "lgeneid": "", 
      "lname": "", 
      "lalias": "", 
      "llink": "http://www.ncbi.nlm.nih.gov/nuccore/?term=linc1419", 
      "num_immune_strict": 8, 
      "num_immune": 11
    }
  }, 
  {
    "model": "irndb2.lncrna", 
    "fields": {
      "id": 82, 
      "lsymbol": "linc1421", 
      "lgeneid": "", 
      "lname": "", 
      "lalias": "", 
      "llink": "http://www.ncbi.nlm.nih.gov/nuccore/?term=linc1421", 
      "num_immune_strict": 1, 
      "num_immune": 2
    }
  }, 
  {
    "model": "irndb2.lncrna", 
    "fields": {
      "id": 83, 
      "lsymbol": "linc1425", 
      "lgeneid": "", 
      "lname": "", 
      "lalias": "", 
      "llink": "http://www.ncbi.nlm.nih.gov/nuccore/?term=linc1425", 
      "num_immune_strict": 161, 
      "num_immune": 501
    }
  }, 
  {
    "model": "irndb2.lncrna", 
    "fields": {
      "id": 84, 
      "lsymbol": "linc1427", 
      "lgeneid": "", 
      "lname": "", 
      "lalias": "", 
      "llink": "http://www.ncbi.nlm.nih.gov/nuccore/?term=linc1427", 
      "num_immune_strict": 1, 
      "num_immune": 6
    }
  }, 
  {
    "model": "irndb2.lncrna", 
    "fields": {
      "id": 85, 
      "lsymbol": "linc1428", 
      "lgeneid": "", 
      "lname": "", 
      "lalias": "", 
      "llink": "http://www.ncbi.nlm.nih.gov/nuccore/?term=linc1428", 
      "num_immune_strict": 1, 
      "num_immune": 2
    }
  }, 
  {
    "model": "irndb2.lncrna", 
    "fields": {
      "id": 86, 
      "lsymbol": "linc1434", 
      "lgeneid": "", 
      "lname": "", 
      "lalias": "", 
      "llink": "http://www.ncbi.nlm.nih.gov/nuccore/?term=linc1434", 
      "num_immune_strict": 2, 
      "num_immune": 4
    }
  }, 
  {
    "model": "irndb2.lncrna", 
    "fields": {
      "id": 87, 
      "lsymbol": "linc1435", 
      "lgeneid": "", 
      "lname": "", 
      "lalias": "", 
      "llink": "http://www.ncbi.nlm.nih.gov/nuccore/?term=linc1435", 
      "num_immune_strict": 37, 
      "num_immune": 98
    }
  }, 
  {
    "model": "irndb2.lncrna", 
    "fields": {
      "id": 88, 
      "lsymbol": "linc1450", 
      "lgeneid": "", 
      "lname": "", 
      "lalias": "", 
      "llink": "http://www.ncbi.nlm.nih.gov/nuccore/?term=linc1450", 
      "num_immune_strict": 45, 
      "num_immune": 138
    }
  }, 
  {
    "model": "irndb2.lncrna", 
    "fields": {
      "id": 89, 
      "lsymbol": "linc1454", 
      "lgeneid": "", 
      "lname": "", 
      "lalias": "", 
      "llink": "http://www.ncbi.nlm.nih.gov/nuccore/?term=linc1454", 
      "num_immune_strict": 35, 
      "num_immune": 80
    }
  }, 
  {
    "model": "irndb2.lncrna", 
    "fields": {
      "id": 90, 
      "lsymbol": "linc1456", 
      "lgeneid": "", 
      "lname": "", 
      "lalias": "", 
      "llink": "http://www.ncbi.nlm.nih.gov/nuccore/?term=linc1456", 
      "num_immune_strict": 83, 
      "num_immune": 229
    }
  }, 
  {
    "model": "irndb2.lncrna", 
    "fields": {
      "id": 91, 
      "lsymbol": "linc1457", 
      "lgeneid": "", 
      "lname": "", 
      "lalias": "", 
      "llink": "http://www.ncbi.nlm.nih.gov/nuccore/?term=linc1457", 
      "num_immune_strict": 229, 
      "num_immune": 708
    }
  }, 
  {
    "model": "irndb2.lncrna", 
    "fields": {
      "id": 92, 
      "lsymbol": "linc1463", 
      "lgeneid": "", 
      "lname": "", 
      "lalias": "", 
      "llink": "http://www.ncbi.nlm.nih.gov/nuccore/?term=linc1463", 
      "num_immune_strict": 5, 
      "num_immune": 14
    }
  }, 
  {
    "model": "irndb2.lncrna", 
    "fields": {
      "id": 93, 
      "lsymbol": "linc1468", 
      "lgeneid": "", 
      "lname": "", 
      "lalias": "", 
      "llink": "http://www.ncbi.nlm.nih.gov/nuccore/?term=linc1468", 
      "num_immune_strict": 12, 
      "num_immune": 30
    }
  }, 
  {
    "model": "irndb2.lncrna", 
    "fields": {
      "id": 94, 
      "lsymbol": "linc1470", 
      "lgeneid": "", 
      "lname": "", 
      "lalias": "", 
      "llink": "http://www.ncbi.nlm.nih.gov/nuccore/?term=linc1470", 
      "num_immune_strict": 246, 
      "num_immune": 771
    }
  }, 
  {
    "model": "irndb2.lncrna", 
    "fields": {
      "id": 95, 
      "lsymbol": "linc1471", 
      "lgeneid": "", 
      "lname": "", 
      "lalias": "", 
      "llink": "http://www.ncbi.nlm.nih.gov/nuccore/?term=linc1471", 
      "num_immune_strict": 4, 
      "num_immune": 24
    }
  }, 
  {
    "model": "irndb2.lncrna", 
    "fields": {
      "id": 96, 
      "lsymbol": "linc1487", 
      "lgeneid": "", 
      "lname": "", 
      "lalias": "", 
      "llink": "http://www.ncbi.nlm.nih.gov/nuccore/?term=linc1487", 
      "num_immune_strict": 1, 
      "num_immune": 1
    }
  }, 
  {
    "model": "irndb2.lncrna", 
    "fields": {
      "id": 97, 
      "lsymbol": "linc1490", 
      "lgeneid": "", 
      "lname": "", 
      "lalias": "", 
      "llink": "http://www.ncbi.nlm.nih.gov/nuccore/?term=linc1490", 
      "num_immune_strict": 1, 
      "num_immune": 1
    }
  }, 
  {
    "model": "irndb2.lncrna", 
    "fields": {
      "id": 98, 
      "lsymbol": "linc1517", 
      "lgeneid": "", 
      "lname": "", 
      "lalias": "", 
      "llink": "http://www.ncbi.nlm.nih.gov/nuccore/?term=linc1517", 
      "num_immune_strict": 11, 
      "num_immune": 39
    }
  }, 
  {
    "model": "irndb2.lncrna", 
    "fields": {
      "id": 99, 
      "lsymbol": "linc1524", 
      "lgeneid": "", 
      "lname": "", 
      "lalias": "", 
      "llink": "http://www.ncbi.nlm.nih.gov/nuccore/?term=linc1524", 
      "num_immune_strict": 3, 
      "num_immune": 11
    }
  }, 
  {
    "model": "irndb2.lncrna", 
    "fields": {
      "id": 100, 
      "lsymbol": "linc1526", 
      "lgeneid": "", 
      "lname": "", 
      "lalias": "", 
      "llink": "http://www.ncbi.nlm.nih.gov/nuccore/?term=linc1526", 
      "num_immune_strict": 1, 
      "num_immune": 1
    }
  }, 
  {
    "model": "irndb2.lncrna", 
    "fields": {
      "id": 101, 
      "lsymbol": "linc1540", 
      "lgeneid": "", 
      "lname": "", 
      "lalias": "", 
      "llink": "http://www.ncbi.nlm.nih.gov/nuccore/?term=linc1540", 
      "num_immune_strict": 14, 
      "num_immune": 41
    }
  }, 
  {
    "model": "irndb2.lncrna", 
    "fields": {
      "id": 102, 
      "lsymbol": "linc1552", 
      "lgeneid": "", 
      "lname": "", 
      "lalias": "", 
      "llink": "http://www.ncbi.nlm.nih.gov/nuccore/?term=linc1552", 
      "num_immune_strict": 2, 
      "num_immune": 6
    }
  }, 
  {
    "model": "irndb2.lncrna", 
    "fields": {
      "id": 103, 
      "lsymbol": "linc1555", 
      "lgeneid": "", 
      "lname": "", 
      "lalias": "", 
      "llink": "http://www.ncbi.nlm.nih.gov/nuccore/?term=linc1555", 
      "num_immune_strict": 2, 
      "num_immune": 10
    }
  }, 
  {
    "model": "irndb2.lncrna", 
    "fields": {
      "id": 104, 
      "lsymbol": "linc1557", 
      "lgeneid": "", 
      "lname": "", 
      "lalias": "", 
      "llink": "http://www.ncbi.nlm.nih.gov/nuccore/?term=linc1557", 
      "num_immune_strict": 12, 
      "num_immune": 29
    }
  }, 
  {
    "model": "irndb2.lncrna", 
    "fields": {
      "id": 105, 
      "lsymbol": "linc1558", 
      "lgeneid": "", 
      "lname": "", 
      "lalias": "", 
      "llink": "http://www.ncbi.nlm.nih.gov/nuccore/?term=linc1558", 
      "num_immune_strict": 179, 
      "num_immune": 526
    }
  }, 
  {
    "model": "irndb2.lncrna", 
    "fields": {
      "id": 106, 
      "lsymbol": "linc1559", 
      "lgeneid": "", 
      "lname": "", 
      "lalias": "", 
      "llink": "http://www.ncbi.nlm.nih.gov/nuccore/?term=linc1559", 
      "num_immune_strict": 0, 
      "num_immune": 1
    }
  }, 
  {
    "model": "irndb2.lncrna", 
    "fields": {
      "id": 107, 
      "lsymbol": "linc1562", 
      "lgeneid": "", 
      "lname": "", 
      "lalias": "", 
      "llink": "http://www.ncbi.nlm.nih.gov/nuccore/?term=linc1562", 
      "num_immune_strict": 0, 
      "num_immune": 1
    }
  }, 
  {
    "model": "irndb2.lncrna", 
    "fields": {
      "id": 108, 
      "lsymbol": "linc1572", 
      "lgeneid": "", 
      "lname": "", 
      "lalias": "", 
      "llink": "http://www.ncbi.nlm.nih.gov/nuccore/?term=linc1572", 
      "num_immune_strict": 6, 
      "num_immune": 25
    }
  }, 
  {
    "model": "irndb2.lncrna", 
    "fields": {
      "id": 109, 
      "lsymbol": "linc1577", 
      "lgeneid": "", 
      "lname": "", 
      "lalias": "", 
      "llink": "http://www.ncbi.nlm.nih.gov/nuccore/?term=linc1577", 
      "num_immune_strict": 1, 
      "num_immune": 1
    }
  }, 
  {
    "model": "irndb2.lncrna", 
    "fields": {
      "id": 110, 
      "lsymbol": "linc1581", 
      "lgeneid": "", 
      "lname": "", 
      "lalias": "", 
      "llink": "http://www.ncbi.nlm.nih.gov/nuccore/?term=linc1581", 
      "num_immune_strict": 19, 
      "num_immune": 59
    }
  }, 
  {
    "model": "irndb2.lncrna", 
    "fields": {
      "id": 111, 
      "lsymbol": "linc1588", 
      "lgeneid": "", 
      "lname": "", 
      "lalias": "", 
      "llink": "http://www.ncbi.nlm.nih.gov/nuccore/?term=linc1588", 
      "num_immune_strict": 32, 
      "num_immune": 110
    }
  }, 
  {
    "model": "irndb2.lncrna", 
    "fields": {
      "id": 112, 
      "lsymbol": "linc1589", 
      "lgeneid": "", 
      "lname": "", 
      "lalias": "", 
      "llink": "http://www.ncbi.nlm.nih.gov/nuccore/?term=linc1589", 
      "num_immune_strict": 155, 
      "num_immune": 429
    }
  }, 
  {
    "model": "irndb2.lncrna", 
    "fields": {
      "id": 113, 
      "lsymbol": "linc1592", 
      "lgeneid": "", 
      "lname": "", 
      "lalias": "", 
      "llink": "http://www.ncbi.nlm.nih.gov/nuccore/?term=linc1592", 
      "num_immune_strict": 1, 
      "num_immune": 1
    }
  }, 
  {
    "model": "irndb2.lncrna", 
    "fields": {
      "id": 114, 
      "lsymbol": "linc1595", 
      "lgeneid": "", 
      "lname": "", 
      "lalias": "", 
      "llink": "http://www.ncbi.nlm.nih.gov/nuccore/?term=linc1595", 
      "num_immune_strict": 1, 
      "num_immune": 14
    }
  }, 
  {
    "model": "irndb2.lncrna", 
    "fields": {
      "id": 115, 
      "lsymbol": "linc1599", 
      "lgeneid": "", 
      "lname": "", 
      "lalias": "", 
      "llink": "http://www.ncbi.nlm.nih.gov/nuccore/?term=linc1599", 
      "num_immune_strict": 1, 
      "num_immune": 18
    }
  }, 
  {
    "model": "irndb2.lncrna", 
    "fields": {
      "id": 116, 
      "lsymbol": "linc1601", 
      "lgeneid": "", 
      "lname": "", 
      "lalias": "", 
      "llink": "http://www.ncbi.nlm.nih.gov/nuccore/?term=linc1601", 
      "num_immune_strict": 62, 
      "num_immune": 160
    }
  }, 
  {
    "model": "irndb2.lncrna", 
    "fields": {
      "id": 117, 
      "lsymbol": "linc1602", 
      "lgeneid": "", 
      "lname": "", 
      "lalias": "", 
      "llink": "http://www.ncbi.nlm.nih.gov/nuccore/?term=linc1602", 
      "num_immune_strict": 2, 
      "num_immune": 6
    }
  }, 
  {
    "model": "irndb2.lncrna", 
    "fields": {
      "id": 118, 
      "lsymbol": "linc1603", 
      "lgeneid": "", 
      "lname": "", 
      "lalias": "", 
      "llink": "http://www.ncbi.nlm.nih.gov/nuccore/?term=linc1603", 
      "num_immune_strict": 15, 
      "num_immune": 42
    }
  }, 
  {
    "model": "irndb2.lncrna", 
    "fields": {
      "id": 119, 
      "lsymbol": "linc1604", 
      "lgeneid": "", 
      "lname": "", 
      "lalias": "", 
      "llink": "http://www.ncbi.nlm.nih.gov/nuccore/?term=linc1604", 
      "num_immune_strict": 1, 
      "num_immune": 2
    }
  }, 
  {
    "model": "irndb2.lncrna", 
    "fields": {
      "id": 120, 
      "lsymbol": "linc1608", 
      "lgeneid": "", 
      "lname": "", 
      "lalias": "", 
      "llink": "http://www.ncbi.nlm.nih.gov/nuccore/?term=linc1608", 
      "num_immune_strict": 0, 
      "num_immune": 1
    }
  }, 
  {
    "model": "irndb2.lncrna", 
    "fields": {
      "id": 121, 
      "lsymbol": "linc1611", 
      "lgeneid": "", 
      "lname": "", 
      "lalias": "", 
      "llink": "http://www.ncbi.nlm.nih.gov/nuccore/?term=linc1611", 
      "num_immune_strict": 3, 
      "num_immune": 9
    }
  }, 
  {
    "model": "irndb2.lncrna", 
    "fields": {
      "id": 122, 
      "lsymbol": "linc1612", 
      "lgeneid": "", 
      "lname": "", 
      "lalias": "", 
      "llink": "http://www.ncbi.nlm.nih.gov/nuccore/?term=linc1612", 
      "num_immune_strict": 10, 
      "num_immune": 33
    }
  }, 
  {
    "model": "irndb2.lncrna", 
    "fields": {
      "id": 123, 
      "lsymbol": "linc1614", 
      "lgeneid": "", 
      "lname": "", 
      "lalias": "", 
      "llink": "http://www.ncbi.nlm.nih.gov/nuccore/?term=linc1614", 
      "num_immune_strict": 60, 
      "num_immune": 132
    }
  }, 
  {
    "model": "irndb2.lncrna", 
    "fields": {
      "id": 124, 
      "lsymbol": "linc1615", 
      "lgeneid": "", 
      "lname": "", 
      "lalias": "", 
      "llink": "http://www.ncbi.nlm.nih.gov/nuccore/?term=linc1615", 
      "num_immune_strict": 6, 
      "num_immune": 15
    }
  }, 
  {
    "model": "irndb2.lncrna", 
    "fields": {
      "id": 125, 
      "lsymbol": "linc1617", 
      "lgeneid": "", 
      "lname": "", 
      "lalias": "", 
      "llink": "http://www.ncbi.nlm.nih.gov/nuccore/?term=linc1617", 
      "num_immune_strict": 1, 
      "num_immune": 5
    }
  }, 
  {
    "model": "irndb2.lncrna", 
    "fields": {
      "id": 126, 
      "lsymbol": "linc1618", 
      "lgeneid": "", 
      "lname": "", 
      "lalias": "", 
      "llink": "http://www.ncbi.nlm.nih.gov/nuccore/?term=linc1618", 
      "num_immune_strict": 2, 
      "num_immune": 8
    }
  }, 
  {
    "model": "irndb2.lncrna", 
    "fields": {
      "id": 127, 
      "lsymbol": "linc1622", 
      "lgeneid": "", 
      "lname": "", 
      "lalias": "", 
      "llink": "http://www.ncbi.nlm.nih.gov/nuccore/?term=linc1622", 
      "num_immune_strict": 8, 
      "num_immune": 18
    }
  }, 
  {
    "model": "irndb2.lncrna", 
    "fields": {
      "id": 128, 
      "lsymbol": "linc1623", 
      "lgeneid": "", 
      "lname": "", 
      "lalias": "", 
      "llink": "http://www.ncbi.nlm.nih.gov/nuccore/?term=linc1623", 
      "num_immune_strict": 19, 
      "num_immune": 54
    }
  }, 
  {
    "model": "irndb2.lncrna", 
    "fields": {
      "id": 129, 
      "lsymbol": "linc1624", 
      "lgeneid": "", 
      "lname": "", 
      "lalias": "", 
      "llink": "http://www.ncbi.nlm.nih.gov/nuccore/?term=linc1624", 
      "num_immune_strict": 18, 
      "num_immune": 51
    }
  }, 
  {
    "model": "irndb2.lncrna", 
    "fields": {
      "id": 130, 
      "lsymbol": "linc1626", 
      "lgeneid": "", 
      "lname": "", 
      "lalias": "", 
      "llink": "http://www.ncbi.nlm.nih.gov/nuccore/?term=linc1626", 
      "num_immune_strict": 3, 
      "num_immune": 15
    }
  }, 
  {
    "model": "irndb2.lncrna", 
    "fields": {
      "id": 131, 
      "lsymbol": "linc1629", 
      "lgeneid": "", 
      "lname": "", 
      "lalias": "", 
      "llink": "http://www.ncbi.nlm.nih.gov/nuccore/?term=linc1629", 
      "num_immune_strict": 54, 
      "num_immune": 165
    }
  }, 
  {
    "model": "irndb2.lncrna", 
    "fields": {
      "id": 132, 
      "lsymbol": "linc1630", 
      "lgeneid": "", 
      "lname": "", 
      "lalias": "", 
      "llink": "http://www.ncbi.nlm.nih.gov/nuccore/?term=linc1630", 
      "num_immune_strict": 1, 
      "num_immune": 12
    }
  }, 
  {
    "model": "irndb2.lncrna", 
    "fields": {
      "id": 133, 
      "lsymbol": "linc1631", 
      "lgeneid": "", 
      "lname": "", 
      "lalias": "", 
      "llink": "http://www.ncbi.nlm.nih.gov/nuccore/?term=linc1631", 
      "num_immune_strict": 267, 
      "num_immune": 845
    }
  }, 
  {
    "model": "irndb2.lncrna", 
    "fields": {
      "id": 134, 
      "lsymbol": "linc1632", 
      "lgeneid": "", 
      "lname": "", 
      "lalias": "", 
      "llink": "http://www.ncbi.nlm.nih.gov/nuccore/?term=linc1632", 
      "num_immune_strict": 13, 
      "num_immune": 45
    }
  }, 
  {
    "model": "irndb2.lncrna", 
    "fields": {
      "id": 135, 
      "lsymbol": "linc1633", 
      "lgeneid": "", 
      "lname": "", 
      "lalias": "", 
      "llink": "http://www.ncbi.nlm.nih.gov/nuccore/?term=linc1633", 
      "num_immune_strict": 26, 
      "num_immune": 60
    }
  }, 
  {
    "model": "irndb2.lncrna", 
    "fields": {
      "id": 136, 
      "lsymbol": "linc1634", 
      "lgeneid": "", 
      "lname": "", 
      "lalias": "", 
      "llink": "http://www.ncbi.nlm.nih.gov/nuccore/?term=linc1634", 
      "num_immune_strict": 8, 
      "num_immune": 12
    }
  }, 
  {
    "model": "irndb2.lncrna", 
    "fields": {
      "id": 137, 
      "lsymbol": "linc1635", 
      "lgeneid": "", 
      "lname": "", 
      "lalias": "", 
      "llink": "http://www.ncbi.nlm.nih.gov/nuccore/?term=linc1635", 
      "num_immune_strict": 1, 
      "num_immune": 1
    }
  }, 
  {
    "model": "irndb2.lncrna", 
    "fields": {
      "id": 138, 
      "lsymbol": "Linc-md1", 
      "lgeneid": "105661730", 
      "lname": "", 
      "lalias": "", 
      "llink": "http://www.ncbi.nlm.nih.gov/gene/105661730", 
      "num_immune_strict": 0, 
      "num_immune": 1
    }
  }, 
  {
    "model": "irndb2.lncrna", 
    "fields": {
      "id": 139, 
      "lsymbol": "Lincpint", 
      "lgeneid": "232685", 
      "lname": "long intergenic non-protein coding RNA, Trp53 induced transcript", 
      "lalias": "MNCb-1768,Pint,linc-Pint", 
      "llink": "http://www.ncbi.nlm.nih.gov/gene/232685", 
      "num_immune_strict": 4, 
      "num_immune": 4
    }
  }, 
  {
    "model": "irndb2.lncrna", 
    "fields": {
      "id": 140, 
      "lsymbol": "LIRR1", 
      "lgeneid": "", 
      "lname": "", 
      "lalias": "", 
      "llink": "http://www.ncbi.nlm.nih.gov/nuccore/?term=LIRR1", 
      "num_immune_strict": 2, 
      "num_immune": 3
    }
  }, 
  {
    "model": "irndb2.lncrna", 
    "fields": {
      "id": 141, 
      "lsymbol": "LL34", 
      "lgeneid": "", 
      "lname": "", 
      "lalias": "", 
      "llink": "http://www.ncbi.nlm.nih.gov/nuccore/?term=LL34", 
      "num_immune_strict": 4, 
      "num_immune": 10
    }
  }, 
  {
    "model": "irndb2.lncrna", 
    "fields": {
      "id": 142, 
      "lsymbol": "lncRNA-LALR1", 
      "lgeneid": "", 
      "lname": "", 
      "lalias": "", 
      "llink": "http://www.ncbi.nlm.nih.gov/nuccore/?term=lncRNA-LALR1", 
      "num_immune_strict": 3, 
      "num_immune": 5
    }
  }, 
  {
    "model": "irndb2.lncrna", 
    "fields": {
      "id": 143, 
      "lsymbol": "Lrp1-as", 
      "lgeneid": "", 
      "lname": "", 
      "lalias": "", 
      "llink": "http://www.ncbi.nlm.nih.gov/nuccore/?term=Lrp1-as", 
      "num_immune_strict": 1, 
      "num_immune": 1
    }
  }, 
  {
    "model": "irndb2.lncrna", 
    "fields": {
      "id": 144, 
      "lsymbol": "Malat1", 
      "lgeneid": "72289", 
      "lname": "metastasis associated lung adenocarcinoma transcript 1 (non-coding RNA)", 
      "lalias": "2210401K01Rik,9430072K23Rik,AI647968,Neat2", 
      "llink": "http://www.ncbi.nlm.nih.gov/gene/72289", 
      "num_immune_strict": 2, 
      "num_immune": 6
    }
  }, 
  {
    "model": "irndb2.lncrna", 
    "fields": {
      "id": 145, 
      "lsymbol": "Meg3", 
      "lgeneid": "17263", 
      "lname": "maternally expressed 3", 
      "lalias": "2900016C05Rik,3110050O07Rik,6330408G06Rik,AI425946,AW108224,D12Bwg1266e,Gtl2,R74756,R75394", 
      "llink": "http://www.ncbi.nlm.nih.gov/gene/17263", 
      "num_immune_strict": 2, 
      "num_immune": 4
    }
  }, 
  {
    "model": "irndb2.lncrna", 
    "fields": {
      "id": 146, 
      "lsymbol": "Miat", 
      "lgeneid": "330166", 
      "lname": "myocardial infarction associated transcript (non-protein coding)", 
      "lalias": "3632434I06,A230057G18Rik,Rncr2,gomafu", 
      "llink": "http://www.ncbi.nlm.nih.gov/gene/330166", 
      "num_immune_strict": 6, 
      "num_immune": 12
    }
  }, 
  {
    "model": "irndb2.lncrna", 
    "fields": {
      "id": 147, 
      "lsymbol": "Mir143hg", 
      "lgeneid": "328968", 
      "lname": "Mir143 and Mir145 host gene (non-coding RNA)", 
      "lalias": "E330013P06,Gm16908", 
      "llink": "http://www.ncbi.nlm.nih.gov/gene/328968", 
      "num_immune_strict": 7, 
      "num_immune": 7
    }
  }, 
  {
    "model": "irndb2.lncrna", 
    "fields": {
      "id": 148, 
      "lsymbol": "Mistral", 
      "lgeneid": "", 
      "lname": "", 
      "lalias": "", 
      "llink": "http://www.ncbi.nlm.nih.gov/nuccore/NR_045199.1", 
      "num_immune_strict": 0, 
      "num_immune": 2
    }
  }, 
  {
    "model": "irndb2.lncrna", 
    "fields": {
      "id": 149, 
      "lsymbol": "NANCI", 
      "lgeneid": "", 
      "lname": "", 
      "lalias": "", 
      "llink": "http://www.ncbi.nlm.nih.gov/nuccore/?term=NANCI", 
      "num_immune_strict": 4, 
      "num_immune": 11
    }
  }, 
  {
    "model": "irndb2.lncrna", 
    "fields": {
      "id": 150, 
      "lsymbol": "Neat1", 
      "lgeneid": "66961", 
      "lname": "nuclear paraspeckle assembly transcript 1 (non-protein coding)", 
      "lalias": "2310043N10Rik,VINC", 
      "llink": "http://www.ncbi.nlm.nih.gov/gene/66961", 
      "num_immune_strict": 1, 
      "num_immune": 1
    }
  }, 
  {
    "model": "irndb2.lncrna", 
    "fields": {
      "id": 151, 
      "lsymbol": "Nespas", 
      "lgeneid": "56802", 
      "lname": "neuroendocrine secretory protein antisense", 
      "lalias": "Gnas-as,Nespos", 
      "llink": "http://www.ncbi.nlm.nih.gov/gene/56802", 
      "num_immune_strict": 0, 
      "num_immune": 1
    }
  }, 
  {
    "model": "irndb2.lncrna", 
    "fields": {
      "id": 152, 
      "lsymbol": "p15AS", 
      "lgeneid": "", 
      "lname": "", 
      "lalias": "", 
      "llink": "http://www.ncbi.nlm.nih.gov/nuccore/?term=p15AS", 
      "num_immune_strict": 0, 
      "num_immune": 1
    }
  }, 
  {
    "model": "irndb2.lncrna", 
    "fields": {
      "id": 153, 
      "lsymbol": "Paupar", 
      "lgeneid": "103164605", 
      "lname": "Pax6 upstream antisense RNA", 
      "lalias": "", 
      "llink": "http://www.ncbi.nlm.nih.gov/gene/103164605", 
      "num_immune_strict": 3, 
      "num_immune": 5
    }
  }, 
  {
    "model": "irndb2.lncrna", 
    "fields": {
      "id": 154, 
      "lsymbol": "PU.1-AS", 
      "lgeneid": "", 
      "lname": "", 
      "lalias": "", 
      "llink": "http://www.ncbi.nlm.nih.gov/nuccore/?term=PU.1-AS", 
      "num_immune_strict": 4, 
      "num_immune": 4
    }
  }, 
  {
    "model": "irndb2.lncrna", 
    "fields": {
      "id": 155, 
      "lsymbol": "Rmst", 
      "lgeneid": "110333", 
      "lname": "rhabdomyosarcoma 2 associated transcript (non-coding RNA)", 
      "lalias": "AI853140,C230053E11Rik,D930049J19Rik,Dmt2,M2,Ncrms", 
      "llink": "http://www.ncbi.nlm.nih.gov/gene/110333", 
      "num_immune_strict": 0, 
      "num_immune": 1
    }
  }, 
  {
    "model": "irndb2.lncrna", 
    "fields": {
      "id": 156, 
      "lsymbol": "SIRT1-AS", 
      "lgeneid": "", 
      "lname": "", 
      "lalias": "", 
      "llink": "http://www.ncbi.nlm.nih.gov/nuccore/?term=SIRT1-AS", 
      "num_immune_strict": 1, 
      "num_immune": 1
    }
  }, 
  {
    "model": "irndb2.lncrna", 
    "fields": {
      "id": 157, 
      "lsymbol": "Snhg3", 
      "lgeneid": "399101", 
      "lname": "small nucleolar RNA host gene 3", 
      "lalias": "Rnu17d,U17HG", 
      "llink": "http://www.ncbi.nlm.nih.gov/gene/399101", 
      "num_immune_strict": 1, 
      "num_immune": 1
    }
  }, 
  {
    "model": "irndb2.lncrna", 
    "fields": {
      "id": 158, 
      "lsymbol": "Tmevpg1", 
      "lgeneid": "103214", 
      "lname": "Theiler's murine encephalomyelitis virus persistence candidate gene 1", 
      "lalias": "AI447422", 
      "llink": "http://www.ncbi.nlm.nih.gov/gene/103214", 
      "num_immune_strict": 1, 
      "num_immune": 1
    }
  }, 
  {
    "model": "irndb2.lncrna", 
    "fields": {
      "id": 159, 
      "lsymbol": "Trp53cor1", 
      "lgeneid": "100504267", 
      "lname": "tumor protein p53 pathway corepressor 1", 
      "lalias": "Gm16197,OTTMUSG00000031656,linc-p21,lincRNA-p21", 
      "llink": "http://www.ncbi.nlm.nih.gov/gene/100504267", 
      "num_immune_strict": 6, 
      "num_immune": 14
    }
  }, 
  {
    "model": "irndb2.lncrna", 
    "fields": {
      "id": 160, 
      "lsymbol": "Tsix", 
      "lgeneid": "22097", 
      "lname": "X (inactive)-specific transcript, opposite strand", 
      "lalias": "", 
      "llink": "http://www.ncbi.nlm.nih.gov/gene/22097", 
      "num_immune_strict": 0, 
      "num_immune": 1
    }
  }, 
  {
    "model": "irndb2.lncrna", 
    "fields": {
      "id": 161, 
      "lsymbol": "Ttc39aos1", 
      "lgeneid": "102635290", 
      "lname": "Ttc39a opposite strand RNA 1", 
      "lalias": "Gm12750,OTTMUSG00000008290,lincRNA-EPS", 
      "llink": "http://www.ncbi.nlm.nih.gov/gene/102635290", 
      "num_immune_strict": 10, 
      "num_immune": 20
    }
  }, 
  {
    "model": "irndb2.lncrna", 
    "fields": {
      "id": 162, 
      "lsymbol": "Tunar", 
      "lgeneid": "69952", 
      "lname": "Tcl1 upstream neural differentiation associated RNA", 
      "lalias": "2810011L19Rik,Tuna", 
      "llink": "http://www.ncbi.nlm.nih.gov/gene/69952", 
      "num_immune_strict": 1, 
      "num_immune": 3
    }
  }, 
  {
    "model": "irndb2.lncrna", 
    "fields": {
      "id": 163, 
      "lsymbol": "Xist", 
      "lgeneid": "213742", 
      "lname": "inactive X specific transcripts", 
      "lalias": "A430022B11,AI314753", 
      "llink": "http://www.ncbi.nlm.nih.gov/gene/213742", 
      "num_immune_strict": 3, 
      "num_immune": 6
    }
  }
]