[
  {
    "model": "irndb2.p2t", 
    "fields": {
      "pirna": 1, 
      "target": 19730, 
      "experimenttype": "deadenylation", 
      "verified": "n", 
      "pmid": "24787618"
    }
  }, 
  {
    "model": "irndb2.p2t", 
    "fields": {
      "pirna": 2, 
      "target": 11421, 
      "experimenttype": "deadenylation", 
      "verified": "n", 
      "pmid": "24787618"
    }
  }, 
  {
    "model": "irndb2.p2t", 
    "fields": {
      "pirna": 3, 
      "target": 14312, 
      "experimenttype": "deadenylation", 
      "verified": "n", 
      "pmid": "24787618"
    }
  }, 
  {
    "model": "irndb2.p2t", 
    "fields": {
      "pirna": 3, 
      "target": 14886, 
      "experimenttype": "deadenylation", 
      "verified": "n", 
      "pmid": "24787618"
    }
  }, 
  {
    "model": "irndb2.p2t", 
    "fields": {
      "pirna": 4, 
      "target": 56515, 
      "experimenttype": "deadenylation", 
      "verified": "n", 
      "pmid": "24787618"
    }
  }, 
  {
    "model": "irndb2.p2t", 
    "fields": {
      "pirna": 5, 
      "target": 21744, 
      "experimenttype": "deadenylation", 
      "verified": "n", 
      "pmid": "24787618"
    }
  }, 
  {
    "model": "irndb2.p2t", 
    "fields": {
      "pirna": 6, 
      "target": 19182, 
      "experimenttype": "deadenylation", 
      "verified": "n", 
      "pmid": "24787618"
    }
  }, 
  {
    "model": "irndb2.p2t", 
    "fields": {
      "pirna": 7, 
      "target": 16407, 
      "experimenttype": "deadenylation", 
      "verified": "n", 
      "pmid": "24787618"
    }
  }, 
  {
    "model": "irndb2.p2t", 
    "fields": {
      "pirna": 8, 
      "target": 57296, 
      "experimenttype": "deadenylation", 
      "verified": "n", 
      "pmid": "24787618"
    }
  }, 
  {
    "model": "irndb2.p2t", 
    "fields": {
      "pirna": 9, 
      "target": 229603, 
      "experimenttype": "deadenylation", 
      "verified": "n", 
      "pmid": "24787618"
    }
  }, 
  {
    "model": "irndb2.p2t", 
    "fields": {
      "pirna": 10, 
      "target": 20679, 
      "experimenttype": "deadenylation", 
      "verified": "n", 
      "pmid": "24787618"
    }
  }, 
  {
    "model": "irndb2.p2t", 
    "fields": {
      "pirna": 11, 
      "target": 19730, 
      "experimenttype": "deadenylation", 
      "verified": "n", 
      "pmid": "24787618"
    }
  }, 
  {
    "model": "irndb2.p2t", 
    "fields": {
      "pirna": 12, 
      "target": 74480, 
      "experimenttype": "deadenylation", 
      "verified": "n", 
      "pmid": "24787618"
    }
  }, 
  {
    "model": "irndb2.p2t", 
    "fields": {
      "pirna": 13, 
      "target": 18810, 
      "experimenttype": "deadenylation", 
      "verified": "n", 
      "pmid": "24787618"
    }
  }, 
  {
    "model": "irndb2.p2t", 
    "fields": {
      "pirna": 14, 
      "target": 56215, 
      "experimenttype": "deadenylation", 
      "verified": "n", 
      "pmid": "24787618"
    }
  }, 
  {
    "model": "irndb2.p2t", 
    "fields": {
      "pirna": 15, 
      "target": 227613, 
      "experimenttype": "deadenylation", 
      "verified": "n", 
      "pmid": "24787618"
    }
  }, 
  {
    "model": "irndb2.p2t", 
    "fields": {
      "pirna": 16, 
      "target": 16407, 
      "experimenttype": "deadenylation", 
      "verified": "n", 
      "pmid": "24787618"
    }
  }, 
  {
    "model": "irndb2.p2t", 
    "fields": {
      "pirna": 17, 
      "target": 19047, 
      "experimenttype": "deadenylation", 
      "verified": "n", 
      "pmid": "24787618"
    }
  }, 
  {
    "model": "irndb2.p2t", 
    "fields": {
      "pirna": 17, 
      "target": 23881, 
      "experimenttype": "deadenylation", 
      "verified": "n", 
      "pmid": "24787618"
    }
  }, 
  {
    "model": "irndb2.p2t", 
    "fields": {
      "pirna": 17, 
      "target": 67533, 
      "experimenttype": "deadenylation", 
      "verified": "n", 
      "pmid": "24787618"
    }
  }, 
  {
    "model": "irndb2.p2t", 
    "fields": {
      "pirna": 17, 
      "target": 94093, 
      "experimenttype": "deadenylation", 
      "verified": "n", 
      "pmid": "24787618"
    }
  }, 
  {
    "model": "irndb2.p2t", 
    "fields": {
      "pirna": 18, 
      "target": 53376, 
      "experimenttype": "deadenylation", 
      "verified": "n", 
      "pmid": "24787618"
    }
  }, 
  {
    "model": "irndb2.p2t", 
    "fields": {
      "pirna": 18, 
      "target": 67665, 
      "experimenttype": "deadenylation", 
      "verified": "n", 
      "pmid": "24787618"
    }
  }, 
  {
    "model": "irndb2.p2t", 
    "fields": {
      "pirna": 19, 
      "target": 21849, 
      "experimenttype": "deadenylation", 
      "verified": "n", 
      "pmid": "24787618"
    }
  }, 
  {
    "model": "irndb2.p2t", 
    "fields": {
      "pirna": 19, 
      "target": 58998, 
      "experimenttype": "deadenylation", 
      "verified": "n", 
      "pmid": "24787618"
    }
  }, 
  {
    "model": "irndb2.p2t", 
    "fields": {
      "pirna": 20, 
      "target": 18626, 
      "experimenttype": "deadenylation", 
      "verified": "n", 
      "pmid": "24787618"
    }
  }, 
  {
    "model": "irndb2.p2t", 
    "fields": {
      "pirna": 21, 
      "target": 17776, 
      "experimenttype": "deadenylation", 
      "verified": "n", 
      "pmid": "24787618"
    }
  }, 
  {
    "model": "irndb2.p2t", 
    "fields": {
      "pirna": 22, 
      "target": 11771, 
      "experimenttype": "deadenylation", 
      "verified": "n", 
      "pmid": "24787618"
    }
  }, 
  {
    "model": "irndb2.p2t", 
    "fields": {
      "pirna": 23, 
      "target": 73804, 
      "experimenttype": "deadenylation", 
      "verified": "n", 
      "pmid": "24787618"
    }
  }, 
  {
    "model": "irndb2.p2t", 
    "fields": {
      "pirna": 24, 
      "target": 11468, 
      "experimenttype": "deadenylation", 
      "verified": "n", 
      "pmid": "24787618"
    }
  }, 
  {
    "model": "irndb2.p2t", 
    "fields": {
      "pirna": 25, 
      "target": 11629, 
      "experimenttype": "deadenylation", 
      "verified": "n", 
      "pmid": "24787618"
    }
  }, 
  {
    "model": "irndb2.p2t", 
    "fields": {
      "pirna": 26, 
      "target": 18626, 
      "experimenttype": "deadenylation", 
      "verified": "n", 
      "pmid": "24787618"
    }
  }, 
  {
    "model": "irndb2.p2t", 
    "fields": {
      "pirna": 27, 
      "target": 14228, 
      "experimenttype": "deadenylation", 
      "verified": "n", 
      "pmid": "24787618"
    }
  }, 
  {
    "model": "irndb2.p2t", 
    "fields": {
      "pirna": 28, 
      "target": 110147, 
      "experimenttype": "deadenylation", 
      "verified": "n", 
      "pmid": "24787618"
    }
  }, 
  {
    "model": "irndb2.p2t", 
    "fields": {
      "pirna": 29, 
      "target": 227613, 
      "experimenttype": "deadenylation", 
      "verified": "n", 
      "pmid": "24787618"
    }
  }, 
  {
    "model": "irndb2.p2t", 
    "fields": {
      "pirna": 29, 
      "target": 81896, 
      "experimenttype": "deadenylation", 
      "verified": "n", 
      "pmid": "24787618"
    }
  }, 
  {
    "model": "irndb2.p2t", 
    "fields": {
      "pirna": 30, 
      "target": 14312, 
      "experimenttype": "deadenylation", 
      "verified": "n", 
      "pmid": "24787618"
    }
  }, 
  {
    "model": "irndb2.p2t", 
    "fields": {
      "pirna": 31, 
      "target": 110147, 
      "experimenttype": "deadenylation", 
      "verified": "n", 
      "pmid": "24787618"
    }
  }, 
  {
    "model": "irndb2.p2t", 
    "fields": {
      "pirna": 31, 
      "target": 11461, 
      "experimenttype": "deadenylation", 
      "verified": "n", 
      "pmid": "24787618"
    }
  }, 
  {
    "model": "irndb2.p2t", 
    "fields": {
      "pirna": 31, 
      "target": 18810, 
      "experimenttype": "deadenylation", 
      "verified": "n", 
      "pmid": "24787618"
    }
  }, 
  {
    "model": "irndb2.p2t", 
    "fields": {
      "pirna": 31, 
      "target": 23881, 
      "experimenttype": "deadenylation", 
      "verified": "n", 
      "pmid": "24787618"
    }
  }, 
  {
    "model": "irndb2.p2t", 
    "fields": {
      "pirna": 31, 
      "target": 27399, 
      "experimenttype": "deadenylation", 
      "verified": "n", 
      "pmid": "24787618"
    }
  }, 
  {
    "model": "irndb2.p2t", 
    "fields": {
      "pirna": 31, 
      "target": 94093, 
      "experimenttype": "deadenylation", 
      "verified": "n", 
      "pmid": "24787618"
    }
  }, 
  {
    "model": "irndb2.p2t", 
    "fields": {
      "pirna": 32, 
      "target": 19175, 
      "experimenttype": "deadenylation", 
      "verified": "n", 
      "pmid": "24787618"
    }
  }, 
  {
    "model": "irndb2.p2t", 
    "fields": {
      "pirna": 33, 
      "target": 11933, 
      "experimenttype": "deadenylation", 
      "verified": "n", 
      "pmid": "24787618"
    }
  }, 
  {
    "model": "irndb2.p2t", 
    "fields": {
      "pirna": 34, 
      "target": 106344, 
      "experimenttype": "deadenylation", 
      "verified": "n", 
      "pmid": "24787618"
    }
  }, 
  {
    "model": "irndb2.p2t", 
    "fields": {
      "pirna": 35, 
      "target": 19730, 
      "experimenttype": "deadenylation", 
      "verified": "n", 
      "pmid": "24787618"
    }
  }, 
  {
    "model": "irndb2.p2t", 
    "fields": {
      "pirna": 35, 
      "target": 21807, 
      "experimenttype": "deadenylation", 
      "verified": "n", 
      "pmid": "24787618"
    }
  }, 
  {
    "model": "irndb2.p2t", 
    "fields": {
      "pirna": 36, 
      "target": 16559, 
      "experimenttype": "deadenylation", 
      "verified": "n", 
      "pmid": "24787618"
    }
  }, 
  {
    "model": "irndb2.p2t", 
    "fields": {
      "pirna": 37, 
      "target": 19014, 
      "experimenttype": "deadenylation", 
      "verified": "n", 
      "pmid": "24787618"
    }
  }, 
  {
    "model": "irndb2.p2t", 
    "fields": {
      "pirna": 38, 
      "target": 319845, 
      "experimenttype": "deadenylation", 
      "verified": "n", 
      "pmid": "24787618"
    }
  }, 
  {
    "model": "irndb2.p2t", 
    "fields": {
      "pirna": 39, 
      "target": 19182, 
      "experimenttype": "deadenylation", 
      "verified": "n", 
      "pmid": "24787618"
    }
  }, 
  {
    "model": "irndb2.p2t", 
    "fields": {
      "pirna": 40, 
      "target": 229603, 
      "experimenttype": "deadenylation", 
      "verified": "n", 
      "pmid": "24787618"
    }
  }, 
  {
    "model": "irndb2.p2t", 
    "fields": {
      "pirna": 40, 
      "target": 56515, 
      "experimenttype": "deadenylation", 
      "verified": "n", 
      "pmid": "24787618"
    }
  }, 
  {
    "model": "irndb2.p2t", 
    "fields": {
      "pirna": 41, 
      "target": 19175, 
      "experimenttype": "deadenylation", 
      "verified": "n", 
      "pmid": "24787618"
    }
  }, 
  {
    "model": "irndb2.p2t", 
    "fields": {
      "pirna": 42, 
      "target": 53376, 
      "experimenttype": "deadenylation", 
      "verified": "n", 
      "pmid": "24787618"
    }
  }, 
  {
    "model": "irndb2.p2t", 
    "fields": {
      "pirna": 42, 
      "target": 66053, 
      "experimenttype": "deadenylation", 
      "verified": "n", 
      "pmid": "24787618"
    }
  }, 
  {
    "model": "irndb2.p2t", 
    "fields": {
      "pirna": 43, 
      "target": 11643, 
      "experimenttype": "deadenylation", 
      "verified": "n", 
      "pmid": "24787618"
    }
  }, 
  {
    "model": "irndb2.p2t", 
    "fields": {
      "pirna": 44, 
      "target": 280668, 
      "experimenttype": "deadenylation", 
      "verified": "n", 
      "pmid": "24787618"
    }
  }, 
  {
    "model": "irndb2.p2t", 
    "fields": {
      "pirna": 45, 
      "target": 24084, 
      "experimenttype": "deadenylation", 
      "verified": "n", 
      "pmid": "24787618"
    }
  }, 
  {
    "model": "irndb2.p2t", 
    "fields": {
      "pirna": 46, 
      "target": 71436, 
      "experimenttype": "deadenylation", 
      "verified": "n", 
      "pmid": "24787618"
    }
  }, 
  {
    "model": "irndb2.p2t", 
    "fields": {
      "pirna": 47, 
      "target": 67533, 
      "experimenttype": "deadenylation", 
      "verified": "n", 
      "pmid": "24787618"
    }
  }, 
  {
    "model": "irndb2.p2t", 
    "fields": {
      "pirna": 48, 
      "target": 106344, 
      "experimenttype": "deadenylation", 
      "verified": "n", 
      "pmid": "24787618"
    }
  }, 
  {
    "model": "irndb2.p2t", 
    "fields": {
      "pirna": 49, 
      "target": 108086, 
      "experimenttype": "deadenylation", 
      "verified": "n", 
      "pmid": "24787618"
    }
  }, 
  {
    "model": "irndb2.p2t", 
    "fields": {
      "pirna": 49, 
      "target": 14886, 
      "experimenttype": "deadenylation", 
      "verified": "n", 
      "pmid": "24787618"
    }
  }, 
  {
    "model": "irndb2.p2t", 
    "fields": {
      "pirna": 49, 
      "target": 20679, 
      "experimenttype": "deadenylation", 
      "verified": "n", 
      "pmid": "24787618"
    }
  }, 
  {
    "model": "irndb2.p2t", 
    "fields": {
      "pirna": 50, 
      "target": 14228, 
      "experimenttype": "deadenylation", 
      "verified": "n", 
      "pmid": "24787618"
    }
  }, 
  {
    "model": "irndb2.p2t", 
    "fields": {
      "pirna": 51, 
      "target": 12442, 
      "experimenttype": "deadenylation", 
      "verified": "n", 
      "pmid": "24787618"
    }
  }, 
  {
    "model": "irndb2.p2t", 
    "fields": {
      "pirna": 52, 
      "target": 14359, 
      "experimenttype": "deadenylation", 
      "verified": "n", 
      "pmid": "24787618"
    }
  }, 
  {
    "model": "irndb2.p2t", 
    "fields": {
      "pirna": 53, 
      "target": 110147, 
      "experimenttype": "deadenylation", 
      "verified": "n", 
      "pmid": "24787618"
    }
  }, 
  {
    "model": "irndb2.p2t", 
    "fields": {
      "pirna": 54, 
      "target": 208643, 
      "experimenttype": "deadenylation", 
      "verified": "n", 
      "pmid": "24787618"
    }
  }, 
  {
    "model": "irndb2.p2t", 
    "fields": {
      "pirna": 55, 
      "target": 17776, 
      "experimenttype": "deadenylation", 
      "verified": "n", 
      "pmid": "24787618"
    }
  }, 
  {
    "model": "irndb2.p2t", 
    "fields": {
      "pirna": 56, 
      "target": 11421, 
      "experimenttype": "deadenylation", 
      "verified": "n", 
      "pmid": "24787618"
    }
  }, 
  {
    "model": "irndb2.p2t", 
    "fields": {
      "pirna": 56, 
      "target": 11643, 
      "experimenttype": "deadenylation", 
      "verified": "n", 
      "pmid": "24787618"
    }
  }, 
  {
    "model": "irndb2.p2t", 
    "fields": {
      "pirna": 56, 
      "target": 56215, 
      "experimenttype": "deadenylation", 
      "verified": "n", 
      "pmid": "24787618"
    }
  }, 
  {
    "model": "irndb2.p2t", 
    "fields": {
      "pirna": 56, 
      "target": 56421, 
      "experimenttype": "deadenylation", 
      "verified": "n", 
      "pmid": "24787618"
    }
  }, 
  {
    "model": "irndb2.p2t", 
    "fields": {
      "pirna": 57, 
      "target": 22092, 
      "experimenttype": "deadenylation", 
      "verified": "n", 
      "pmid": "24787618"
    }
  }, 
  {
    "model": "irndb2.p2t", 
    "fields": {
      "pirna": 58, 
      "target": 108086, 
      "experimenttype": "deadenylation", 
      "verified": "n", 
      "pmid": "24787618"
    }
  }, 
  {
    "model": "irndb2.p2t", 
    "fields": {
      "pirna": 58, 
      "target": 13660, 
      "experimenttype": "deadenylation", 
      "verified": "n", 
      "pmid": "24787618"
    }
  }, 
  {
    "model": "irndb2.p2t", 
    "fields": {
      "pirna": 59, 
      "target": 19047, 
      "experimenttype": "deadenylation", 
      "verified": "n", 
      "pmid": "24787618"
    }
  }, 
  {
    "model": "irndb2.p2t", 
    "fields": {
      "pirna": 60, 
      "target": 19014, 
      "experimenttype": "deadenylation", 
      "verified": "n", 
      "pmid": "24787618"
    }
  }, 
  {
    "model": "irndb2.p2t", 
    "fields": {
      "pirna": 60, 
      "target": 56215, 
      "experimenttype": "deadenylation", 
      "verified": "n", 
      "pmid": "24787618"
    }
  }, 
  {
    "model": "irndb2.p2t", 
    "fields": {
      "pirna": 61, 
      "target": 22021, 
      "experimenttype": "deadenylation", 
      "verified": "n", 
      "pmid": "24787618"
    }
  }, 
  {
    "model": "irndb2.p2t", 
    "fields": {
      "pirna": 62, 
      "target": 112406, 
      "experimenttype": "deadenylation", 
      "verified": "n", 
      "pmid": "24787618"
    }
  }, 
  {
    "model": "irndb2.p2t", 
    "fields": {
      "pirna": 63, 
      "target": 67345, 
      "experimenttype": "deadenylation", 
      "verified": "n", 
      "pmid": "24787618"
    }
  }, 
  {
    "model": "irndb2.p2t", 
    "fields": {
      "pirna": 64, 
      "target": 19348, 
      "experimenttype": "deadenylation", 
      "verified": "n", 
      "pmid": "24787618"
    }
  }, 
  {
    "model": "irndb2.p2t", 
    "fields": {
      "pirna": 64, 
      "target": 231712, 
      "experimenttype": "deadenylation", 
      "verified": "n", 
      "pmid": "24787618"
    }
  }, 
  {
    "model": "irndb2.p2t", 
    "fields": {
      "pirna": 65, 
      "target": 20679, 
      "experimenttype": "deadenylation", 
      "verified": "n", 
      "pmid": "24787618"
    }
  }, 
  {
    "model": "irndb2.p2t", 
    "fields": {
      "pirna": 65, 
      "target": 50501, 
      "experimenttype": "deadenylation", 
      "verified": "n", 
      "pmid": "24787618"
    }
  }, 
  {
    "model": "irndb2.p2t", 
    "fields": {
      "pirna": 66, 
      "target": 74136, 
      "experimenttype": "deadenylation", 
      "verified": "n", 
      "pmid": "24787618"
    }
  }, 
  {
    "model": "irndb2.p2t", 
    "fields": {
      "pirna": 67, 
      "target": 22021, 
      "experimenttype": "deadenylation", 
      "verified": "n", 
      "pmid": "24787618"
    }
  }, 
  {
    "model": "irndb2.p2t", 
    "fields": {
      "pirna": 68, 
      "target": 74136, 
      "experimenttype": "deadenylation", 
      "verified": "n", 
      "pmid": "24787618"
    }
  }, 
  {
    "model": "irndb2.p2t", 
    "fields": {
      "pirna": 69, 
      "target": 11946, 
      "experimenttype": "deadenylation", 
      "verified": "n", 
      "pmid": "24787618"
    }
  }, 
  {
    "model": "irndb2.p2t", 
    "fields": {
      "pirna": 70, 
      "target": 11771, 
      "experimenttype": "deadenylation", 
      "verified": "n", 
      "pmid": "24787618"
    }
  }, 
  {
    "model": "irndb2.p2t", 
    "fields": {
      "pirna": 70, 
      "target": 15482, 
      "experimenttype": "deadenylation", 
      "verified": "n", 
      "pmid": "24787618"
    }
  }, 
  {
    "model": "irndb2.p2t", 
    "fields": {
      "pirna": 70, 
      "target": 55979, 
      "experimenttype": "deadenylation", 
      "verified": "n", 
      "pmid": "24787618"
    }
  }, 
  {
    "model": "irndb2.p2t", 
    "fields": {
      "pirna": 71, 
      "target": 56421, 
      "experimenttype": "deadenylation", 
      "verified": "n", 
      "pmid": "24787618"
    }
  }, 
  {
    "model": "irndb2.p2t", 
    "fields": {
      "pirna": 72, 
      "target": 19047, 
      "experimenttype": "deadenylation", 
      "verified": "n", 
      "pmid": "24787618"
    }
  }, 
  {
    "model": "irndb2.p2t", 
    "fields": {
      "pirna": 72, 
      "target": 216033, 
      "experimenttype": "deadenylation", 
      "verified": "n", 
      "pmid": "24787618"
    }
  }, 
  {
    "model": "irndb2.p2t", 
    "fields": {
      "pirna": 73, 
      "target": 81896, 
      "experimenttype": "deadenylation", 
      "verified": "n", 
      "pmid": "24787618"
    }
  }, 
  {
    "model": "irndb2.p2t", 
    "fields": {
      "pirna": 74, 
      "target": 216033, 
      "experimenttype": "deadenylation", 
      "verified": "n", 
      "pmid": "24787618"
    }
  }, 
  {
    "model": "irndb2.p2t", 
    "fields": {
      "pirna": 75, 
      "target": 19156, 
      "experimenttype": "deadenylation", 
      "verified": "n", 
      "pmid": "24787618"
    }
  }, 
  {
    "model": "irndb2.p2t", 
    "fields": {
      "pirna": 75, 
      "target": 21807, 
      "experimenttype": "deadenylation", 
      "verified": "n", 
      "pmid": "24787618"
    }
  }, 
  {
    "model": "irndb2.p2t", 
    "fields": {
      "pirna": 76, 
      "target": 11771, 
      "experimenttype": "deadenylation", 
      "verified": "n", 
      "pmid": "24787618"
    }
  }, 
  {
    "model": "irndb2.p2t", 
    "fields": {
      "pirna": 77, 
      "target": 14705, 
      "experimenttype": "deadenylation", 
      "verified": "n", 
      "pmid": "24787618"
    }
  }, 
  {
    "model": "irndb2.p2t", 
    "fields": {
      "pirna": 78, 
      "target": 15482, 
      "experimenttype": "deadenylation", 
      "verified": "n", 
      "pmid": "24787618"
    }
  }, 
  {
    "model": "irndb2.p2t", 
    "fields": {
      "pirna": 79, 
      "target": 13660, 
      "experimenttype": "deadenylation", 
      "verified": "n", 
      "pmid": "24787618"
    }
  }, 
  {
    "model": "irndb2.p2t", 
    "fields": {
      "pirna": 79, 
      "target": 231712, 
      "experimenttype": "deadenylation", 
      "verified": "n", 
      "pmid": "24787618"
    }
  }, 
  {
    "model": "irndb2.p2t", 
    "fields": {
      "pirna": 80, 
      "target": 67665, 
      "experimenttype": "deadenylation", 
      "verified": "n", 
      "pmid": "24787618"
    }
  }, 
  {
    "model": "irndb2.p2t", 
    "fields": {
      "pirna": 81, 
      "target": 23881, 
      "experimenttype": "deadenylation", 
      "verified": "n", 
      "pmid": "24787618"
    }
  }, 
  {
    "model": "irndb2.p2t", 
    "fields": {
      "pirna": 82, 
      "target": 50501, 
      "experimenttype": "deadenylation", 
      "verified": "n", 
      "pmid": "24787618"
    }
  }, 
  {
    "model": "irndb2.p2t", 
    "fields": {
      "pirna": 83, 
      "target": 19175, 
      "experimenttype": "deadenylation", 
      "verified": "n", 
      "pmid": "24787618"
    }
  }, 
  {
    "model": "irndb2.p2t", 
    "fields": {
      "pirna": 84, 
      "target": 12017, 
      "experimenttype": "deadenylation", 
      "verified": "n", 
      "pmid": "24787618"
    }
  }, 
  {
    "model": "irndb2.p2t", 
    "fields": {
      "pirna": 85, 
      "target": 19156, 
      "experimenttype": "deadenylation", 
      "verified": "n", 
      "pmid": "24787618"
    }
  }, 
  {
    "model": "irndb2.p2t", 
    "fields": {
      "pirna": 86, 
      "target": 11947, 
      "experimenttype": "deadenylation", 
      "verified": "n", 
      "pmid": "24787618"
    }
  }, 
  {
    "model": "irndb2.p2t", 
    "fields": {
      "pirna": 87, 
      "target": 57296, 
      "experimenttype": "deadenylation", 
      "verified": "n", 
      "pmid": "24787618"
    }
  }, 
  {
    "model": "irndb2.p2t", 
    "fields": {
      "pirna": 88, 
      "target": 70834, 
      "experimenttype": "deadenylation", 
      "verified": "n", 
      "pmid": "24787618"
    }
  }, 
  {
    "model": "irndb2.p2t", 
    "fields": {
      "pirna": 89, 
      "target": 11946, 
      "experimenttype": "deadenylation", 
      "verified": "n", 
      "pmid": "24787618"
    }
  }, 
  {
    "model": "irndb2.p2t", 
    "fields": {
      "pirna": 89, 
      "target": 21849, 
      "experimenttype": "deadenylation", 
      "verified": "n", 
      "pmid": "24787618"
    }
  }, 
  {
    "model": "irndb2.p2t", 
    "fields": {
      "pirna": 89, 
      "target": 280668, 
      "experimenttype": "deadenylation", 
      "verified": "n", 
      "pmid": "24787618"
    }
  }, 
  {
    "model": "irndb2.p2t", 
    "fields": {
      "pirna": 90, 
      "target": 15482, 
      "experimenttype": "deadenylation", 
      "verified": "n", 
      "pmid": "24787618"
    }
  }, 
  {
    "model": "irndb2.p2t", 
    "fields": {
      "pirna": 91, 
      "target": 71175, 
      "experimenttype": "deadenylation", 
      "verified": "n", 
      "pmid": "24787618"
    }
  }, 
  {
    "model": "irndb2.p2t", 
    "fields": {
      "pirna": 92, 
      "target": 22273, 
      "experimenttype": "deadenylation", 
      "verified": "n", 
      "pmid": "24787618"
    }
  }, 
  {
    "model": "irndb2.p2t", 
    "fields": {
      "pirna": 93, 
      "target": 19348, 
      "experimenttype": "deadenylation", 
      "verified": "n", 
      "pmid": "24787618"
    }
  }, 
  {
    "model": "irndb2.p2t", 
    "fields": {
      "pirna": 94, 
      "target": 108086, 
      "experimenttype": "deadenylation", 
      "verified": "n", 
      "pmid": "24787618"
    }
  }, 
  {
    "model": "irndb2.p2t", 
    "fields": {
      "pirna": 94, 
      "target": 20679, 
      "experimenttype": "deadenylation", 
      "verified": "y", 
      "pmid": "24787618"
    }
  }, 
  {
    "model": "irndb2.p2t", 
    "fields": {
      "pirna": 95, 
      "target": 11643, 
      "experimenttype": "deadenylation", 
      "verified": "n", 
      "pmid": "24787618"
    }
  }, 
  {
    "model": "irndb2.p2t", 
    "fields": {
      "pirna": 96, 
      "target": 71132, 
      "experimenttype": "deadenylation", 
      "verified": "n", 
      "pmid": "24787618"
    }
  }, 
  {
    "model": "irndb2.p2t", 
    "fields": {
      "pirna": 97, 
      "target": 11643, 
      "experimenttype": "deadenylation", 
      "verified": "n", 
      "pmid": "24787618"
    }
  }, 
  {
    "model": "irndb2.p2t", 
    "fields": {
      "pirna": 97, 
      "target": 11947, 
      "experimenttype": "deadenylation", 
      "verified": "n", 
      "pmid": "24787618"
    }
  }, 
  {
    "model": "irndb2.p2t", 
    "fields": {
      "pirna": 98, 
      "target": 16407, 
      "experimenttype": "deadenylation", 
      "verified": "n", 
      "pmid": "24787618"
    }
  }, 
  {
    "model": "irndb2.p2t", 
    "fields": {
      "pirna": 99, 
      "target": 70834, 
      "experimenttype": "deadenylation", 
      "verified": "n", 
      "pmid": "24787618"
    }
  }, 
  {
    "model": "irndb2.p2t", 
    "fields": {
      "pirna": 100, 
      "target": 14688, 
      "experimenttype": "deadenylation", 
      "verified": "n", 
      "pmid": "24787618"
    }
  }, 
  {
    "model": "irndb2.p2t", 
    "fields": {
      "pirna": 101, 
      "target": 66593, 
      "experimenttype": "deadenylation", 
      "verified": "n", 
      "pmid": "24787618"
    }
  }, 
  {
    "model": "irndb2.p2t", 
    "fields": {
      "pirna": 101, 
      "target": 73804, 
      "experimenttype": "deadenylation", 
      "verified": "n", 
      "pmid": "24787618"
    }
  }, 
  {
    "model": "irndb2.p2t", 
    "fields": {
      "pirna": 102, 
      "target": 11946, 
      "experimenttype": "deadenylation", 
      "verified": "n", 
      "pmid": "24787618"
    }
  }, 
  {
    "model": "irndb2.p2t", 
    "fields": {
      "pirna": 103, 
      "target": 16559, 
      "experimenttype": "deadenylation", 
      "verified": "n", 
      "pmid": "24787618"
    }
  }, 
  {
    "model": "irndb2.p2t", 
    "fields": {
      "pirna": 103, 
      "target": 67665, 
      "experimenttype": "deadenylation", 
      "verified": "n", 
      "pmid": "24787618"
    }
  }, 
  {
    "model": "irndb2.p2t", 
    "fields": {
      "pirna": 104, 
      "target": 319845, 
      "experimenttype": "deadenylation", 
      "verified": "n", 
      "pmid": "24787618"
    }
  }, 
  {
    "model": "irndb2.p2t", 
    "fields": {
      "pirna": 105, 
      "target": 319845, 
      "experimenttype": "deadenylation", 
      "verified": "n", 
      "pmid": "24787618"
    }
  }, 
  {
    "model": "irndb2.p2t", 
    "fields": {
      "pirna": 106, 
      "target": 210145, 
      "experimenttype": "deadenylation", 
      "verified": "n", 
      "pmid": "24787618"
    }
  }, 
  {
    "model": "irndb2.p2t", 
    "fields": {
      "pirna": 107, 
      "target": 19182, 
      "experimenttype": "deadenylation", 
      "verified": "n", 
      "pmid": "24787618"
    }
  }, 
  {
    "model": "irndb2.p2t", 
    "fields": {
      "pirna": 108, 
      "target": 319845, 
      "experimenttype": "deadenylation", 
      "verified": "n", 
      "pmid": "24787618"
    }
  }, 
  {
    "model": "irndb2.p2t", 
    "fields": {
      "pirna": 109, 
      "target": 13660, 
      "experimenttype": "deadenylation", 
      "verified": "n", 
      "pmid": "24787618"
    }
  }, 
  {
    "model": "irndb2.p2t", 
    "fields": {
      "pirna": 109, 
      "target": 229603, 
      "experimenttype": "deadenylation", 
      "verified": "n", 
      "pmid": "24787618"
    }
  }, 
  {
    "model": "irndb2.p2t", 
    "fields": {
      "pirna": 110, 
      "target": 21744, 
      "experimenttype": "deadenylation", 
      "verified": "n", 
      "pmid": "24787618"
    }
  }, 
  {
    "model": "irndb2.p2t", 
    "fields": {
      "pirna": 111, 
      "target": 22092, 
      "experimenttype": "deadenylation", 
      "verified": "n", 
      "pmid": "24787618"
    }
  }, 
  {
    "model": "irndb2.p2t", 
    "fields": {
      "pirna": 112, 
      "target": 17349, 
      "experimenttype": "deadenylation", 
      "verified": "n", 
      "pmid": "24787618"
    }
  }, 
  {
    "model": "irndb2.p2t", 
    "fields": {
      "pirna": 113, 
      "target": 67345, 
      "experimenttype": "deadenylation", 
      "verified": "n", 
      "pmid": "24787618"
    }
  }, 
  {
    "model": "irndb2.p2t", 
    "fields": {
      "pirna": 114, 
      "target": 13682, 
      "experimenttype": "deadenylation", 
      "verified": "n", 
      "pmid": "24787618"
    }
  }, 
  {
    "model": "irndb2.p2t", 
    "fields": {
      "pirna": 114, 
      "target": 17349, 
      "experimenttype": "deadenylation", 
      "verified": "n", 
      "pmid": "24787618"
    }
  }, 
  {
    "model": "irndb2.p2t", 
    "fields": {
      "pirna": 115, 
      "target": 66053, 
      "experimenttype": "deadenylation", 
      "verified": "n", 
      "pmid": "24787618"
    }
  }, 
  {
    "model": "irndb2.p2t", 
    "fields": {
      "pirna": 116, 
      "target": 14228, 
      "experimenttype": "deadenylation", 
      "verified": "n", 
      "pmid": "24787618"
    }
  }, 
  {
    "model": "irndb2.p2t", 
    "fields": {
      "pirna": 116, 
      "target": 20679, 
      "experimenttype": "deadenylation", 
      "verified": "n", 
      "pmid": "24787618"
    }
  }, 
  {
    "model": "irndb2.p2t", 
    "fields": {
      "pirna": 117, 
      "target": 14359, 
      "experimenttype": "deadenylation", 
      "verified": "n", 
      "pmid": "24787618"
    }
  }, 
  {
    "model": "irndb2.p2t", 
    "fields": {
      "pirna": 118, 
      "target": 252967, 
      "experimenttype": "deadenylation", 
      "verified": "n", 
      "pmid": "24787618"
    }
  }, 
  {
    "model": "irndb2.p2t", 
    "fields": {
      "pirna": 119, 
      "target": 210145, 
      "experimenttype": "deadenylation", 
      "verified": "n", 
      "pmid": "24787618"
    }
  }, 
  {
    "model": "irndb2.p2t", 
    "fields": {
      "pirna": 120, 
      "target": 13682, 
      "experimenttype": "deadenylation", 
      "verified": "n", 
      "pmid": "24787618"
    }
  }, 
  {
    "model": "irndb2.p2t", 
    "fields": {
      "pirna": 120, 
      "target": 56515, 
      "experimenttype": "deadenylation", 
      "verified": "n", 
      "pmid": "24787618"
    }
  }, 
  {
    "model": "irndb2.p2t", 
    "fields": {
      "pirna": 121, 
      "target": 17349, 
      "experimenttype": "deadenylation", 
      "verified": "n", 
      "pmid": "24787618"
    }
  }, 
  {
    "model": "irndb2.p2t", 
    "fields": {
      "pirna": 121, 
      "target": 19156, 
      "experimenttype": "deadenylation", 
      "verified": "n", 
      "pmid": "24787618"
    }
  }, 
  {
    "model": "irndb2.p2t", 
    "fields": {
      "pirna": 121, 
      "target": 216033, 
      "experimenttype": "deadenylation", 
      "verified": "n", 
      "pmid": "24787618"
    }
  }, 
  {
    "model": "irndb2.p2t", 
    "fields": {
      "pirna": 121, 
      "target": 74480, 
      "experimenttype": "deadenylation", 
      "verified": "n", 
      "pmid": "24787618"
    }
  }, 
  {
    "model": "irndb2.p2t", 
    "fields": {
      "pirna": 122, 
      "target": 227613, 
      "experimenttype": "deadenylation", 
      "verified": "n", 
      "pmid": "24787618"
    }
  }, 
  {
    "model": "irndb2.p2t", 
    "fields": {
      "pirna": 123, 
      "target": 14886, 
      "experimenttype": "deadenylation", 
      "verified": "n", 
      "pmid": "24787618"
    }
  }, 
  {
    "model": "irndb2.p2t", 
    "fields": {
      "pirna": 124, 
      "target": 269966, 
      "experimenttype": "deadenylation", 
      "verified": "n", 
      "pmid": "24787618"
    }
  }, 
  {
    "model": "irndb2.p2t", 
    "fields": {
      "pirna": 125, 
      "target": 66053, 
      "experimenttype": "deadenylation", 
      "verified": "n", 
      "pmid": "24787618"
    }
  }, 
  {
    "model": "irndb2.p2t", 
    "fields": {
      "pirna": 126, 
      "target": 14886, 
      "experimenttype": "deadenylation", 
      "verified": "n", 
      "pmid": "24787618"
    }
  }, 
  {
    "model": "irndb2.p2t", 
    "fields": {
      "pirna": 126, 
      "target": 210126, 
      "experimenttype": "deadenylation", 
      "verified": "n", 
      "pmid": "24787618"
    }
  }, 
  {
    "model": "irndb2.p2t", 
    "fields": {
      "pirna": 126, 
      "target": 22021, 
      "experimenttype": "deadenylation", 
      "verified": "n", 
      "pmid": "24787618"
    }
  }, 
  {
    "model": "irndb2.p2t", 
    "fields": {
      "pirna": 127, 
      "target": 14751, 
      "experimenttype": "deadenylation", 
      "verified": "n", 
      "pmid": "24787618"
    }
  }, 
  {
    "model": "irndb2.p2t", 
    "fields": {
      "pirna": 128, 
      "target": 18607, 
      "experimenttype": "deadenylation", 
      "verified": "n", 
      "pmid": "24787618"
    }
  }, 
  {
    "model": "irndb2.p2t", 
    "fields": {
      "pirna": 129, 
      "target": 66593, 
      "experimenttype": "deadenylation", 
      "verified": "n", 
      "pmid": "24787618"
    }
  }, 
  {
    "model": "irndb2.p2t", 
    "fields": {
      "pirna": 129, 
      "target": 67533, 
      "experimenttype": "deadenylation", 
      "verified": "n", 
      "pmid": "24787618"
    }
  }, 
  {
    "model": "irndb2.p2t", 
    "fields": {
      "pirna": 130, 
      "target": 21807, 
      "experimenttype": "deadenylation", 
      "verified": "n", 
      "pmid": "24787618"
    }
  }, 
  {
    "model": "irndb2.p2t", 
    "fields": {
      "pirna": 131, 
      "target": 22273, 
      "experimenttype": "deadenylation", 
      "verified": "n", 
      "pmid": "24787618"
    }
  }, 
  {
    "model": "irndb2.p2t", 
    "fields": {
      "pirna": 132, 
      "target": 14688, 
      "experimenttype": "deadenylation", 
      "verified": "n", 
      "pmid": "24787618"
    }
  }, 
  {
    "model": "irndb2.p2t", 
    "fields": {
      "pirna": 132, 
      "target": 53376, 
      "experimenttype": "deadenylation", 
      "verified": "n", 
      "pmid": "24787618"
    }
  }, 
  {
    "model": "irndb2.p2t", 
    "fields": {
      "pirna": 133, 
      "target": 24084, 
      "experimenttype": "deadenylation", 
      "verified": "n", 
      "pmid": "24787618"
    }
  }, 
  {
    "model": "irndb2.p2t", 
    "fields": {
      "pirna": 134, 
      "target": 14751, 
      "experimenttype": "deadenylation", 
      "verified": "n", 
      "pmid": "24787618"
    }
  }, 
  {
    "model": "irndb2.p2t", 
    "fields": {
      "pirna": 135, 
      "target": 13660, 
      "experimenttype": "deadenylation", 
      "verified": "n", 
      "pmid": "24787618"
    }
  }, 
  {
    "model": "irndb2.p2t", 
    "fields": {
      "pirna": 136, 
      "target": 71436, 
      "experimenttype": "deadenylation", 
      "verified": "n", 
      "pmid": "24787618"
    }
  }, 
  {
    "model": "irndb2.p2t", 
    "fields": {
      "pirna": 137, 
      "target": 14705, 
      "experimenttype": "deadenylation", 
      "verified": "n", 
      "pmid": "24787618"
    }
  }, 
  {
    "model": "irndb2.p2t", 
    "fields": {
      "pirna": 138, 
      "target": 106344, 
      "experimenttype": "deadenylation", 
      "verified": "n", 
      "pmid": "24787618"
    }
  }, 
  {
    "model": "irndb2.p2t", 
    "fields": {
      "pirna": 139, 
      "target": 71132, 
      "experimenttype": "deadenylation", 
      "verified": "n", 
      "pmid": "24787618"
    }
  }, 
  {
    "model": "irndb2.p2t", 
    "fields": {
      "pirna": 140, 
      "target": 11461, 
      "experimenttype": "deadenylation", 
      "verified": "n", 
      "pmid": "24787618"
    }
  }, 
  {
    "model": "irndb2.p2t", 
    "fields": {
      "pirna": 140, 
      "target": 50501, 
      "experimenttype": "deadenylation", 
      "verified": "n", 
      "pmid": "24787618"
    }
  }, 
  {
    "model": "irndb2.p2t", 
    "fields": {
      "pirna": 141, 
      "target": 16407, 
      "experimenttype": "deadenylation", 
      "verified": "n", 
      "pmid": "24787618"
    }
  }, 
  {
    "model": "irndb2.p2t", 
    "fields": {
      "pirna": 142, 
      "target": 210126, 
      "experimenttype": "deadenylation", 
      "verified": "n", 
      "pmid": "24787618"
    }
  }, 
  {
    "model": "irndb2.p2t", 
    "fields": {
      "pirna": 143, 
      "target": 66053, 
      "experimenttype": "deadenylation", 
      "verified": "n", 
      "pmid": "24787618"
    }
  }, 
  {
    "model": "irndb2.p2t", 
    "fields": {
      "pirna": 144, 
      "target": 14886, 
      "experimenttype": "deadenylation", 
      "verified": "n", 
      "pmid": "24787618"
    }
  }, 
  {
    "model": "irndb2.p2t", 
    "fields": {
      "pirna": 145, 
      "target": 56421, 
      "experimenttype": "deadenylation", 
      "verified": "n", 
      "pmid": "24787618"
    }
  }, 
  {
    "model": "irndb2.p2t", 
    "fields": {
      "pirna": 146, 
      "target": 71436, 
      "experimenttype": "deadenylation", 
      "verified": "n", 
      "pmid": "24787618"
    }
  }, 
  {
    "model": "irndb2.p2t", 
    "fields": {
      "pirna": 147, 
      "target": 108086, 
      "experimenttype": "deadenylation", 
      "verified": "n", 
      "pmid": "24787618"
    }
  }, 
  {
    "model": "irndb2.p2t", 
    "fields": {
      "pirna": 147, 
      "target": 14312, 
      "experimenttype": "deadenylation", 
      "verified": "n", 
      "pmid": "24787618"
    }
  }, 
  {
    "model": "irndb2.p2t", 
    "fields": {
      "pirna": 147, 
      "target": 23881, 
      "experimenttype": "deadenylation", 
      "verified": "n", 
      "pmid": "24787618"
    }
  }, 
  {
    "model": "irndb2.p2t", 
    "fields": {
      "pirna": 148, 
      "target": 21744, 
      "experimenttype": "deadenylation", 
      "verified": "n", 
      "pmid": "24787618"
    }
  }, 
  {
    "model": "irndb2.p2t", 
    "fields": {
      "pirna": 149, 
      "target": 94093, 
      "experimenttype": "deadenylation", 
      "verified": "n", 
      "pmid": "24787618"
    }
  }, 
  {
    "model": "irndb2.p2t", 
    "fields": {
      "pirna": 150, 
      "target": 11771, 
      "experimenttype": "deadenylation", 
      "verified": "n", 
      "pmid": "24787618"
    }
  }, 
  {
    "model": "irndb2.p2t", 
    "fields": {
      "pirna": 151, 
      "target": 70834, 
      "experimenttype": "deadenylation", 
      "verified": "n", 
      "pmid": "24787618"
    }
  }, 
  {
    "model": "irndb2.p2t", 
    "fields": {
      "pirna": 151, 
      "target": 81896, 
      "experimenttype": "deadenylation", 
      "verified": "n", 
      "pmid": "24787618"
    }
  }, 
  {
    "model": "irndb2.p2t", 
    "fields": {
      "pirna": 152, 
      "target": 14751, 
      "experimenttype": "deadenylation", 
      "verified": "n", 
      "pmid": "24787618"
    }
  }, 
  {
    "model": "irndb2.p2t", 
    "fields": {
      "pirna": 153, 
      "target": 22092, 
      "experimenttype": "deadenylation", 
      "verified": "n", 
      "pmid": "24787618"
    }
  }, 
  {
    "model": "irndb2.p2t", 
    "fields": {
      "pirna": 154, 
      "target": 11947, 
      "experimenttype": "deadenylation", 
      "verified": "n", 
      "pmid": "24787618"
    }
  }, 
  {
    "model": "irndb2.p2t", 
    "fields": {
      "pirna": 154, 
      "target": 71436, 
      "experimenttype": "deadenylation", 
      "verified": "n", 
      "pmid": "24787618"
    }
  }, 
  {
    "model": "irndb2.p2t", 
    "fields": {
      "pirna": 155, 
      "target": 231712, 
      "experimenttype": "deadenylation", 
      "verified": "n", 
      "pmid": "24787618"
    }
  }, 
  {
    "model": "irndb2.p2t", 
    "fields": {
      "pirna": 155, 
      "target": 67665, 
      "experimenttype": "deadenylation", 
      "verified": "n", 
      "pmid": "24787618"
    }
  }, 
  {
    "model": "irndb2.p2t", 
    "fields": {
      "pirna": 156, 
      "target": 73804, 
      "experimenttype": "deadenylation", 
      "verified": "n", 
      "pmid": "24787618"
    }
  }, 
  {
    "model": "irndb2.p2t", 
    "fields": {
      "pirna": 157, 
      "target": 67533, 
      "experimenttype": "deadenylation", 
      "verified": "n", 
      "pmid": "24787618"
    }
  }, 
  {
    "model": "irndb2.p2t", 
    "fields": {
      "pirna": 158, 
      "target": 319845, 
      "experimenttype": "deadenylation", 
      "verified": "n", 
      "pmid": "24787618"
    }
  }, 
  {
    "model": "irndb2.p2t", 
    "fields": {
      "pirna": 159, 
      "target": 56421, 
      "experimenttype": "deadenylation", 
      "verified": "n", 
      "pmid": "24787618"
    }
  }, 
  {
    "model": "irndb2.p2t", 
    "fields": {
      "pirna": 160, 
      "target": 11421, 
      "experimenttype": "deadenylation", 
      "verified": "n", 
      "pmid": "24787618"
    }
  }, 
  {
    "model": "irndb2.p2t", 
    "fields": {
      "pirna": 161, 
      "target": 11933, 
      "experimenttype": "deadenylation", 
      "verified": "n", 
      "pmid": "24787618"
    }
  }, 
  {
    "model": "irndb2.p2t", 
    "fields": {
      "pirna": 162, 
      "target": 19014, 
      "experimenttype": "deadenylation", 
      "verified": "n", 
      "pmid": "24787618"
    }
  }, 
  {
    "model": "irndb2.p2t", 
    "fields": {
      "pirna": 163, 
      "target": 74136, 
      "experimenttype": "deadenylation", 
      "verified": "n", 
      "pmid": "24787618"
    }
  }, 
  {
    "model": "irndb2.p2t", 
    "fields": {
      "pirna": 164, 
      "target": 19182, 
      "experimenttype": "deadenylation", 
      "verified": "n", 
      "pmid": "24787618"
    }
  }, 
  {
    "model": "irndb2.p2t", 
    "fields": {
      "pirna": 165, 
      "target": 56215, 
      "experimenttype": "deadenylation", 
      "verified": "n", 
      "pmid": "24787618"
    }
  }, 
  {
    "model": "irndb2.p2t", 
    "fields": {
      "pirna": 166, 
      "target": 11946, 
      "experimenttype": "deadenylation", 
      "verified": "n", 
      "pmid": "24787618"
    }
  }, 
  {
    "model": "irndb2.p2t", 
    "fields": {
      "pirna": 167, 
      "target": 19047, 
      "experimenttype": "deadenylation", 
      "verified": "n", 
      "pmid": "24787618"
    }
  }, 
  {
    "model": "irndb2.p2t", 
    "fields": {
      "pirna": 168, 
      "target": 21744, 
      "experimenttype": "deadenylation", 
      "verified": "n", 
      "pmid": "24787618"
    }
  }, 
  {
    "model": "irndb2.p2t", 
    "fields": {
      "pirna": 169, 
      "target": 19348, 
      "experimenttype": "deadenylation", 
      "verified": "n", 
      "pmid": "24787618"
    }
  }, 
  {
    "model": "irndb2.p2t", 
    "fields": {
      "pirna": 170, 
      "target": 20740, 
      "experimenttype": "deadenylation", 
      "verified": "n", 
      "pmid": "24787618"
    }
  }, 
  {
    "model": "irndb2.p2t", 
    "fields": {
      "pirna": 171, 
      "target": 19014, 
      "experimenttype": "deadenylation", 
      "verified": "n", 
      "pmid": "24787618"
    }
  }, 
  {
    "model": "irndb2.p2t", 
    "fields": {
      "pirna": 172, 
      "target": 269966, 
      "experimenttype": "deadenylation", 
      "verified": "n", 
      "pmid": "24787618"
    }
  }, 
  {
    "model": "irndb2.p2t", 
    "fields": {
      "pirna": 173, 
      "target": 19175, 
      "experimenttype": "deadenylation", 
      "verified": "n", 
      "pmid": "24787618"
    }
  }, 
  {
    "model": "irndb2.p2t", 
    "fields": {
      "pirna": 174, 
      "target": 66593, 
      "experimenttype": "deadenylation", 
      "verified": "n", 
      "pmid": "24787618"
    }
  }, 
  {
    "model": "irndb2.p2t", 
    "fields": {
      "pirna": 175, 
      "target": 14312, 
      "experimenttype": "deadenylation", 
      "verified": "n", 
      "pmid": "24787618"
    }
  }, 
  {
    "model": "irndb2.p2t", 
    "fields": {
      "pirna": 176, 
      "target": 252967, 
      "experimenttype": "deadenylation", 
      "verified": "n", 
      "pmid": "24787618"
    }
  }, 
  {
    "model": "irndb2.p2t", 
    "fields": {
      "pirna": 177, 
      "target": 14359, 
      "experimenttype": "deadenylation", 
      "verified": "n", 
      "pmid": "24787618"
    }
  }, 
  {
    "model": "irndb2.p2t", 
    "fields": {
      "pirna": 178, 
      "target": 53621, 
      "experimenttype": "deadenylation", 
      "verified": "n", 
      "pmid": "24787618"
    }
  }, 
  {
    "model": "irndb2.p2t", 
    "fields": {
      "pirna": 179, 
      "target": 66053, 
      "experimenttype": "deadenylation", 
      "verified": "n", 
      "pmid": "24787618"
    }
  }, 
  {
    "model": "irndb2.p2t", 
    "fields": {
      "pirna": 180, 
      "target": 12017, 
      "experimenttype": "deadenylation", 
      "verified": "n", 
      "pmid": "24787618"
    }
  }, 
  {
    "model": "irndb2.p2t", 
    "fields": {
      "pirna": 181, 
      "target": 14751, 
      "experimenttype": "deadenylation", 
      "verified": "n", 
      "pmid": "24787618"
    }
  }, 
  {
    "model": "irndb2.p2t", 
    "fields": {
      "pirna": 182, 
      "target": 19175, 
      "experimenttype": "deadenylation", 
      "verified": "n", 
      "pmid": "24787618"
    }
  }, 
  {
    "model": "irndb2.p2t", 
    "fields": {
      "pirna": 183, 
      "target": 24084, 
      "experimenttype": "deadenylation", 
      "verified": "n", 
      "pmid": "24787618"
    }
  }, 
  {
    "model": "irndb2.p2t", 
    "fields": {
      "pirna": 184, 
      "target": 18810, 
      "experimenttype": "deadenylation", 
      "verified": "n", 
      "pmid": "24787618"
    }
  }, 
  {
    "model": "irndb2.p2t", 
    "fields": {
      "pirna": 185, 
      "target": 11468, 
      "experimenttype": "deadenylation", 
      "verified": "n", 
      "pmid": "24787618"
    }
  }, 
  {
    "model": "irndb2.p2t", 
    "fields": {
      "pirna": 186, 
      "target": 71132, 
      "experimenttype": "deadenylation", 
      "verified": "n", 
      "pmid": "24787618"
    }
  }, 
  {
    "model": "irndb2.p2t", 
    "fields": {
      "pirna": 187, 
      "target": 14359, 
      "experimenttype": "deadenylation", 
      "verified": "n", 
      "pmid": "24787618"
    }
  }, 
  {
    "model": "irndb2.p2t", 
    "fields": {
      "pirna": 187, 
      "target": 56515, 
      "experimenttype": "deadenylation", 
      "verified": "n", 
      "pmid": "24787618"
    }
  }, 
  {
    "model": "irndb2.p2t", 
    "fields": {
      "pirna": 188, 
      "target": 67345, 
      "experimenttype": "deadenylation", 
      "verified": "n", 
      "pmid": "24787618"
    }
  }, 
  {
    "model": "irndb2.p2t", 
    "fields": {
      "pirna": 189, 
      "target": 18607, 
      "experimenttype": "deadenylation", 
      "verified": "n", 
      "pmid": "24787618"
    }
  }, 
  {
    "model": "irndb2.p2t", 
    "fields": {
      "pirna": 190, 
      "target": 67665, 
      "experimenttype": "deadenylation", 
      "verified": "n", 
      "pmid": "24787618"
    }
  }, 
  {
    "model": "irndb2.p2t", 
    "fields": {
      "pirna": 191, 
      "target": 18626, 
      "experimenttype": "deadenylation", 
      "verified": "n", 
      "pmid": "24787618"
    }
  }, 
  {
    "model": "irndb2.p2t", 
    "fields": {
      "pirna": 192, 
      "target": 208643, 
      "experimenttype": "deadenylation", 
      "verified": "n", 
      "pmid": "24787618"
    }
  }, 
  {
    "model": "irndb2.p2t", 
    "fields": {
      "pirna": 193, 
      "target": 27399, 
      "experimenttype": "deadenylation", 
      "verified": "n", 
      "pmid": "24787618"
    }
  }, 
  {
    "model": "irndb2.p2t", 
    "fields": {
      "pirna": 194, 
      "target": 81896, 
      "experimenttype": "deadenylation", 
      "verified": "n", 
      "pmid": "24787618"
    }
  }, 
  {
    "model": "irndb2.p2t", 
    "fields": {
      "pirna": 195, 
      "target": 20740, 
      "experimenttype": "deadenylation", 
      "verified": "n", 
      "pmid": "24787618"
    }
  }, 
  {
    "model": "irndb2.p2t", 
    "fields": {
      "pirna": 196, 
      "target": 55979, 
      "experimenttype": "deadenylation", 
      "verified": "n", 
      "pmid": "24787618"
    }
  }, 
  {
    "model": "irndb2.p2t", 
    "fields": {
      "pirna": 197, 
      "target": 81896, 
      "experimenttype": "deadenylation", 
      "verified": "n", 
      "pmid": "24787618"
    }
  }, 
  {
    "model": "irndb2.p2t", 
    "fields": {
      "pirna": 198, 
      "target": 74136, 
      "experimenttype": "deadenylation", 
      "verified": "n", 
      "pmid": "24787618"
    }
  }, 
  {
    "model": "irndb2.p2t", 
    "fields": {
      "pirna": 199, 
      "target": 210126, 
      "experimenttype": "deadenylation", 
      "verified": "n", 
      "pmid": "24787618"
    }
  }, 
  {
    "model": "irndb2.p2t", 
    "fields": {
      "pirna": 199, 
      "target": 94093, 
      "experimenttype": "deadenylation", 
      "verified": "n", 
      "pmid": "24787618"
    }
  }, 
  {
    "model": "irndb2.p2t", 
    "fields": {
      "pirna": 200, 
      "target": 16559, 
      "experimenttype": "deadenylation", 
      "verified": "n", 
      "pmid": "24787618"
    }
  }, 
  {
    "model": "irndb2.p2t", 
    "fields": {
      "pirna": 201, 
      "target": 12442, 
      "experimenttype": "deadenylation", 
      "verified": "n", 
      "pmid": "24787618"
    }
  }, 
  {
    "model": "irndb2.p2t", 
    "fields": {
      "pirna": 201, 
      "target": 73804, 
      "experimenttype": "deadenylation", 
      "verified": "n", 
      "pmid": "24787618"
    }
  }, 
  {
    "model": "irndb2.p2t", 
    "fields": {
      "pirna": 202, 
      "target": 22092, 
      "experimenttype": "deadenylation", 
      "verified": "n", 
      "pmid": "24787618"
    }
  }, 
  {
    "model": "irndb2.p2t", 
    "fields": {
      "pirna": 203, 
      "target": 208643, 
      "experimenttype": "deadenylation", 
      "verified": "n", 
      "pmid": "24787618"
    }
  }, 
  {
    "model": "irndb2.p2t", 
    "fields": {
      "pirna": 204, 
      "target": 74480, 
      "experimenttype": "deadenylation", 
      "verified": "n", 
      "pmid": "24787618"
    }
  }, 
  {
    "model": "irndb2.p2t", 
    "fields": {
      "pirna": 205, 
      "target": 14688, 
      "experimenttype": "deadenylation", 
      "verified": "n", 
      "pmid": "24787618"
    }
  }, 
  {
    "model": "irndb2.p2t", 
    "fields": {
      "pirna": 206, 
      "target": 18607, 
      "experimenttype": "deadenylation", 
      "verified": "n", 
      "pmid": "24787618"
    }
  }, 
  {
    "model": "irndb2.p2t", 
    "fields": {
      "pirna": 207, 
      "target": 11461, 
      "experimenttype": "deadenylation", 
      "verified": "n", 
      "pmid": "24787618"
    }
  }, 
  {
    "model": "irndb2.p2t", 
    "fields": {
      "pirna": 208, 
      "target": 71175, 
      "experimenttype": "deadenylation", 
      "verified": "n", 
      "pmid": "24787618"
    }
  }, 
  {
    "model": "irndb2.p2t", 
    "fields": {
      "pirna": 209, 
      "target": 14312, 
      "experimenttype": "deadenylation", 
      "verified": "n", 
      "pmid": "24787618"
    }
  }, 
  {
    "model": "irndb2.p2t", 
    "fields": {
      "pirna": 210, 
      "target": 21807, 
      "experimenttype": "deadenylation", 
      "verified": "n", 
      "pmid": "24787618"
    }
  }, 
  {
    "model": "irndb2.p2t", 
    "fields": {
      "pirna": 211, 
      "target": 12017, 
      "experimenttype": "deadenylation", 
      "verified": "n", 
      "pmid": "24787618"
    }
  }, 
  {
    "model": "irndb2.p2t", 
    "fields": {
      "pirna": 212, 
      "target": 50501, 
      "experimenttype": "deadenylation", 
      "verified": "n", 
      "pmid": "24787618"
    }
  }, 
  {
    "model": "irndb2.p2t", 
    "fields": {
      "pirna": 213, 
      "target": 18607, 
      "experimenttype": "deadenylation", 
      "verified": "n", 
      "pmid": "24787618"
    }
  }, 
  {
    "model": "irndb2.p2t", 
    "fields": {
      "pirna": 214, 
      "target": 210126, 
      "experimenttype": "deadenylation", 
      "verified": "n", 
      "pmid": "24787618"
    }
  }, 
  {
    "model": "irndb2.p2t", 
    "fields": {
      "pirna": 215, 
      "target": 71175, 
      "experimenttype": "deadenylation", 
      "verified": "n", 
      "pmid": "24787618"
    }
  }, 
  {
    "model": "irndb2.p2t", 
    "fields": {
      "pirna": 216, 
      "target": 17349, 
      "experimenttype": "deadenylation", 
      "verified": "n", 
      "pmid": "24787618"
    }
  }, 
  {
    "model": "irndb2.p2t", 
    "fields": {
      "pirna": 217, 
      "target": 110147, 
      "experimenttype": "deadenylation", 
      "verified": "n", 
      "pmid": "24787618"
    }
  }, 
  {
    "model": "irndb2.p2t", 
    "fields": {
      "pirna": 218, 
      "target": 56421, 
      "experimenttype": "deadenylation", 
      "verified": "n", 
      "pmid": "24787618"
    }
  }, 
  {
    "model": "irndb2.p2t", 
    "fields": {
      "pirna": 219, 
      "target": 19348, 
      "experimenttype": "deadenylation", 
      "verified": "n", 
      "pmid": "24787618"
    }
  }, 
  {
    "model": "irndb2.p2t", 
    "fields": {
      "pirna": 220, 
      "target": 55979, 
      "experimenttype": "deadenylation", 
      "verified": "n", 
      "pmid": "24787618"
    }
  }, 
  {
    "model": "irndb2.p2t", 
    "fields": {
      "pirna": 221, 
      "target": 18810, 
      "experimenttype": "deadenylation", 
      "verified": "n", 
      "pmid": "24787618"
    }
  }, 
  {
    "model": "irndb2.p2t", 
    "fields": {
      "pirna": 222, 
      "target": 269966, 
      "experimenttype": "deadenylation", 
      "verified": "n", 
      "pmid": "24787618"
    }
  }, 
  {
    "model": "irndb2.p2t", 
    "fields": {
      "pirna": 223, 
      "target": 11629, 
      "experimenttype": "deadenylation", 
      "verified": "n", 
      "pmid": "24787618"
    }
  }, 
  {
    "model": "irndb2.p2t", 
    "fields": {
      "pirna": 224, 
      "target": 12442, 
      "experimenttype": "deadenylation", 
      "verified": "n", 
      "pmid": "24787618"
    }
  }, 
  {
    "model": "irndb2.p2t", 
    "fields": {
      "pirna": 225, 
      "target": 53621, 
      "experimenttype": "deadenylation", 
      "verified": "n", 
      "pmid": "24787618"
    }
  }, 
  {
    "model": "irndb2.p2t", 
    "fields": {
      "pirna": 226, 
      "target": 58998, 
      "experimenttype": "deadenylation", 
      "verified": "n", 
      "pmid": "24787618"
    }
  }, 
  {
    "model": "irndb2.p2t", 
    "fields": {
      "pirna": 227, 
      "target": 20740, 
      "experimenttype": "deadenylation", 
      "verified": "n", 
      "pmid": "24787618"
    }
  }, 
  {
    "model": "irndb2.p2t", 
    "fields": {
      "pirna": 228, 
      "target": 11421, 
      "experimenttype": "deadenylation", 
      "verified": "n", 
      "pmid": "24787618"
    }
  }, 
  {
    "model": "irndb2.p2t", 
    "fields": {
      "pirna": 229, 
      "target": 229603, 
      "experimenttype": "deadenylation", 
      "verified": "n", 
      "pmid": "24787618"
    }
  }, 
  {
    "model": "irndb2.p2t", 
    "fields": {
      "pirna": 230, 
      "target": 55979, 
      "experimenttype": "deadenylation", 
      "verified": "n", 
      "pmid": "24787618"
    }
  }, 
  {
    "model": "irndb2.p2t", 
    "fields": {
      "pirna": 231, 
      "target": 112406, 
      "experimenttype": "deadenylation", 
      "verified": "n", 
      "pmid": "24787618"
    }
  }, 
  {
    "model": "irndb2.p2t", 
    "fields": {
      "pirna": 232, 
      "target": 11933, 
      "experimenttype": "deadenylation", 
      "verified": "n", 
      "pmid": "24787618"
    }
  }, 
  {
    "model": "irndb2.p2t", 
    "fields": {
      "pirna": 232, 
      "target": 22092, 
      "experimenttype": "deadenylation", 
      "verified": "n", 
      "pmid": "24787618"
    }
  }, 
  {
    "model": "irndb2.p2t", 
    "fields": {
      "pirna": 233, 
      "target": 53621, 
      "experimenttype": "deadenylation", 
      "verified": "n", 
      "pmid": "24787618"
    }
  }, 
  {
    "model": "irndb2.p2t", 
    "fields": {
      "pirna": 234, 
      "target": 71132, 
      "experimenttype": "deadenylation", 
      "verified": "n", 
      "pmid": "24787618"
    }
  }, 
  {
    "model": "irndb2.p2t", 
    "fields": {
      "pirna": 235, 
      "target": 11629, 
      "experimenttype": "deadenylation", 
      "verified": "n", 
      "pmid": "24787618"
    }
  }, 
  {
    "model": "irndb2.p2t", 
    "fields": {
      "pirna": 236, 
      "target": 11947, 
      "experimenttype": "deadenylation", 
      "verified": "n", 
      "pmid": "24787618"
    }
  }, 
  {
    "model": "irndb2.p2t", 
    "fields": {
      "pirna": 237, 
      "target": 70834, 
      "experimenttype": "deadenylation", 
      "verified": "n", 
      "pmid": "24787618"
    }
  }, 
  {
    "model": "irndb2.p2t", 
    "fields": {
      "pirna": 238, 
      "target": 13660, 
      "experimenttype": "deadenylation", 
      "verified": "n", 
      "pmid": "24787618"
    }
  }, 
  {
    "model": "irndb2.p2t", 
    "fields": {
      "pirna": 238, 
      "target": 66593, 
      "experimenttype": "deadenylation", 
      "verified": "n", 
      "pmid": "24787618"
    }
  }, 
  {
    "model": "irndb2.p2t", 
    "fields": {
      "pirna": 239, 
      "target": 21849, 
      "experimenttype": "deadenylation", 
      "verified": "n", 
      "pmid": "24787618"
    }
  }, 
  {
    "model": "irndb2.p2t", 
    "fields": {
      "pirna": 240, 
      "target": 20740, 
      "experimenttype": "deadenylation", 
      "verified": "n", 
      "pmid": "24787618"
    }
  }, 
  {
    "model": "irndb2.p2t", 
    "fields": {
      "pirna": 241, 
      "target": 269966, 
      "experimenttype": "deadenylation", 
      "verified": "n", 
      "pmid": "24787618"
    }
  }, 
  {
    "model": "irndb2.p2t", 
    "fields": {
      "pirna": 242, 
      "target": 74136, 
      "experimenttype": "deadenylation", 
      "verified": "n", 
      "pmid": "24787618"
    }
  }, 
  {
    "model": "irndb2.p2t", 
    "fields": {
      "pirna": 243, 
      "target": 227613, 
      "experimenttype": "deadenylation", 
      "verified": "n", 
      "pmid": "24787618"
    }
  }, 
  {
    "model": "irndb2.p2t", 
    "fields": {
      "pirna": 244, 
      "target": 16407, 
      "experimenttype": "deadenylation", 
      "verified": "n", 
      "pmid": "24787618"
    }
  }, 
  {
    "model": "irndb2.p2t", 
    "fields": {
      "pirna": 245, 
      "target": 58998, 
      "experimenttype": "deadenylation", 
      "verified": "n", 
      "pmid": "24787618"
    }
  }, 
  {
    "model": "irndb2.p2t", 
    "fields": {
      "pirna": 246, 
      "target": 12442, 
      "experimenttype": "deadenylation", 
      "verified": "n", 
      "pmid": "24787618"
    }
  }, 
  {
    "model": "irndb2.p2t", 
    "fields": {
      "pirna": 247, 
      "target": 210145, 
      "experimenttype": "deadenylation", 
      "verified": "n", 
      "pmid": "24787618"
    }
  }, 
  {
    "model": "irndb2.p2t", 
    "fields": {
      "pirna": 248, 
      "target": 19348, 
      "experimenttype": "deadenylation", 
      "verified": "n", 
      "pmid": "24787618"
    }
  }, 
  {
    "model": "irndb2.p2t", 
    "fields": {
      "pirna": 249, 
      "target": 55979, 
      "experimenttype": "deadenylation", 
      "verified": "n", 
      "pmid": "24787618"
    }
  }, 
  {
    "model": "irndb2.p2t", 
    "fields": {
      "pirna": 250, 
      "target": 12442, 
      "experimenttype": "deadenylation", 
      "verified": "n", 
      "pmid": "24787618"
    }
  }, 
  {
    "model": "irndb2.p2t", 
    "fields": {
      "pirna": 250, 
      "target": 71436, 
      "experimenttype": "deadenylation", 
      "verified": "n", 
      "pmid": "24787618"
    }
  }, 
  {
    "model": "irndb2.p2t", 
    "fields": {
      "pirna": 251, 
      "target": 227613, 
      "experimenttype": "deadenylation", 
      "verified": "n", 
      "pmid": "24787618"
    }
  }, 
  {
    "model": "irndb2.p2t", 
    "fields": {
      "pirna": 252, 
      "target": 11933, 
      "experimenttype": "deadenylation", 
      "verified": "n", 
      "pmid": "24787618"
    }
  }, 
  {
    "model": "irndb2.p2t", 
    "fields": {
      "pirna": 253, 
      "target": 15482, 
      "experimenttype": "deadenylation", 
      "verified": "n", 
      "pmid": "24787618"
    }
  }, 
  {
    "model": "irndb2.p2t", 
    "fields": {
      "pirna": 254, 
      "target": 94093, 
      "experimenttype": "deadenylation", 
      "verified": "n", 
      "pmid": "24787618"
    }
  }, 
  {
    "model": "irndb2.p2t", 
    "fields": {
      "pirna": 255, 
      "target": 11933, 
      "experimenttype": "deadenylation", 
      "verified": "n", 
      "pmid": "24787618"
    }
  }, 
  {
    "model": "irndb2.p2t", 
    "fields": {
      "pirna": 256, 
      "target": 15482, 
      "experimenttype": "deadenylation", 
      "verified": "n", 
      "pmid": "24787618"
    }
  }, 
  {
    "model": "irndb2.p2t", 
    "fields": {
      "pirna": 257, 
      "target": 18626, 
      "experimenttype": "deadenylation", 
      "verified": "n", 
      "pmid": "24787618"
    }
  }, 
  {
    "model": "irndb2.p2t", 
    "fields": {
      "pirna": 258, 
      "target": 53621, 
      "experimenttype": "deadenylation", 
      "verified": "n", 
      "pmid": "24787618"
    }
  }, 
  {
    "model": "irndb2.p2t", 
    "fields": {
      "pirna": 259, 
      "target": 210126, 
      "experimenttype": "deadenylation", 
      "verified": "n", 
      "pmid": "24787618"
    }
  }, 
  {
    "model": "irndb2.p2t", 
    "fields": {
      "pirna": 260, 
      "target": 58998, 
      "experimenttype": "deadenylation", 
      "verified": "n", 
      "pmid": "24787618"
    }
  }, 
  {
    "model": "irndb2.p2t", 
    "fields": {
      "pirna": 261, 
      "target": 106344, 
      "experimenttype": "deadenylation", 
      "verified": "n", 
      "pmid": "24787618"
    }
  }, 
  {
    "model": "irndb2.p2t", 
    "fields": {
      "pirna": 262, 
      "target": 110147, 
      "experimenttype": "deadenylation", 
      "verified": "n", 
      "pmid": "24787618"
    }
  }, 
  {
    "model": "irndb2.p2t", 
    "fields": {
      "pirna": 263, 
      "target": 252967, 
      "experimenttype": "deadenylation", 
      "verified": "n", 
      "pmid": "24787618"
    }
  }, 
  {
    "model": "irndb2.p2t", 
    "fields": {
      "pirna": 264, 
      "target": 57296, 
      "experimenttype": "deadenylation", 
      "verified": "n", 
      "pmid": "24787618"
    }
  }, 
  {
    "model": "irndb2.p2t", 
    "fields": {
      "pirna": 265, 
      "target": 14705, 
      "experimenttype": "deadenylation", 
      "verified": "n", 
      "pmid": "24787618"
    }
  }, 
  {
    "model": "irndb2.p2t", 
    "fields": {
      "pirna": 266, 
      "target": 112406, 
      "experimenttype": "deadenylation", 
      "verified": "n", 
      "pmid": "24787618"
    }
  }, 
  {
    "model": "irndb2.p2t", 
    "fields": {
      "pirna": 267, 
      "target": 67345, 
      "experimenttype": "deadenylation", 
      "verified": "n", 
      "pmid": "24787618"
    }
  }, 
  {
    "model": "irndb2.p2t", 
    "fields": {
      "pirna": 268, 
      "target": 57296, 
      "experimenttype": "deadenylation", 
      "verified": "n", 
      "pmid": "24787618"
    }
  }, 
  {
    "model": "irndb2.p2t", 
    "fields": {
      "pirna": 269, 
      "target": 19014, 
      "experimenttype": "deadenylation", 
      "verified": "n", 
      "pmid": "24787618"
    }
  }, 
  {
    "model": "irndb2.p2t", 
    "fields": {
      "pirna": 270, 
      "target": 18810, 
      "experimenttype": "deadenylation", 
      "verified": "n", 
      "pmid": "24787618"
    }
  }, 
  {
    "model": "irndb2.p2t", 
    "fields": {
      "pirna": 271, 
      "target": 21849, 
      "experimenttype": "deadenylation", 
      "verified": "n", 
      "pmid": "24787618"
    }
  }, 
  {
    "model": "irndb2.p2t", 
    "fields": {
      "pirna": 272, 
      "target": 14688, 
      "experimenttype": "deadenylation", 
      "verified": "n", 
      "pmid": "24787618"
    }
  }, 
  {
    "model": "irndb2.p2t", 
    "fields": {
      "pirna": 273, 
      "target": 19047, 
      "experimenttype": "deadenylation", 
      "verified": "n", 
      "pmid": "24787618"
    }
  }, 
  {
    "model": "irndb2.p2t", 
    "fields": {
      "pirna": 274, 
      "target": 21849, 
      "experimenttype": "deadenylation", 
      "verified": "n", 
      "pmid": "24787618"
    }
  }, 
  {
    "model": "irndb2.p2t", 
    "fields": {
      "pirna": 275, 
      "target": 12017, 
      "experimenttype": "deadenylation", 
      "verified": "n", 
      "pmid": "24787618"
    }
  }, 
  {
    "model": "irndb2.p2t", 
    "fields": {
      "pirna": 276, 
      "target": 53621, 
      "experimenttype": "deadenylation", 
      "verified": "n", 
      "pmid": "24787618"
    }
  }, 
  {
    "model": "irndb2.p2t", 
    "fields": {
      "pirna": 277, 
      "target": 21744, 
      "experimenttype": "deadenylation", 
      "verified": "n", 
      "pmid": "24787618"
    }
  }, 
  {
    "model": "irndb2.p2t", 
    "fields": {
      "pirna": 278, 
      "target": 11947, 
      "experimenttype": "deadenylation", 
      "verified": "n", 
      "pmid": "24787618"
    }
  }, 
  {
    "model": "irndb2.p2t", 
    "fields": {
      "pirna": 279, 
      "target": 71132, 
      "experimenttype": "deadenylation", 
      "verified": "n", 
      "pmid": "24787618"
    }
  }, 
  {
    "model": "irndb2.p2t", 
    "fields": {
      "pirna": 280, 
      "target": 22273, 
      "experimenttype": "deadenylation", 
      "verified": "n", 
      "pmid": "24787618"
    }
  }, 
  {
    "model": "irndb2.p2t", 
    "fields": {
      "pirna": 281, 
      "target": 56515, 
      "experimenttype": "deadenylation", 
      "verified": "n", 
      "pmid": "24787618"
    }
  }, 
  {
    "model": "irndb2.p2t", 
    "fields": {
      "pirna": 282, 
      "target": 22021, 
      "experimenttype": "deadenylation", 
      "verified": "n", 
      "pmid": "24787618"
    }
  }, 
  {
    "model": "irndb2.p2t", 
    "fields": {
      "pirna": 283, 
      "target": 19156, 
      "experimenttype": "deadenylation", 
      "verified": "n", 
      "pmid": "24787618"
    }
  }, 
  {
    "model": "irndb2.p2t", 
    "fields": {
      "pirna": 284, 
      "target": 19730, 
      "experimenttype": "deadenylation", 
      "verified": "n", 
      "pmid": "24787618"
    }
  }, 
  {
    "model": "irndb2.p2t", 
    "fields": {
      "pirna": 285, 
      "target": 252967, 
      "experimenttype": "deadenylation", 
      "verified": "n", 
      "pmid": "24787618"
    }
  }, 
  {
    "model": "irndb2.p2t", 
    "fields": {
      "pirna": 286, 
      "target": 71175, 
      "experimenttype": "deadenylation", 
      "verified": "n", 
      "pmid": "24787618"
    }
  }, 
  {
    "model": "irndb2.p2t", 
    "fields": {
      "pirna": 287, 
      "target": 11771, 
      "experimenttype": "deadenylation", 
      "verified": "n", 
      "pmid": "24787618"
    }
  }, 
  {
    "model": "irndb2.p2t", 
    "fields": {
      "pirna": 288, 
      "target": 50501, 
      "experimenttype": "deadenylation", 
      "verified": "n", 
      "pmid": "24787618"
    }
  }, 
  {
    "model": "irndb2.p2t", 
    "fields": {
      "pirna": 289, 
      "target": 11946, 
      "experimenttype": "deadenylation", 
      "verified": "n", 
      "pmid": "24787618"
    }
  }, 
  {
    "model": "irndb2.p2t", 
    "fields": {
      "pirna": 290, 
      "target": 74480, 
      "experimenttype": "deadenylation", 
      "verified": "n", 
      "pmid": "24787618"
    }
  }, 
  {
    "model": "irndb2.p2t", 
    "fields": {
      "pirna": 291, 
      "target": 57296, 
      "experimenttype": "deadenylation", 
      "verified": "n", 
      "pmid": "24787618"
    }
  }, 
  {
    "model": "irndb2.p2t", 
    "fields": {
      "pirna": 292, 
      "target": 13682, 
      "experimenttype": "deadenylation", 
      "verified": "n", 
      "pmid": "24787618"
    }
  }, 
  {
    "model": "irndb2.p2t", 
    "fields": {
      "pirna": 293, 
      "target": 14359, 
      "experimenttype": "deadenylation", 
      "verified": "n", 
      "pmid": "24787618"
    }
  }, 
  {
    "model": "irndb2.p2t", 
    "fields": {
      "pirna": 294, 
      "target": 21807, 
      "experimenttype": "deadenylation", 
      "verified": "n", 
      "pmid": "24787618"
    }
  }, 
  {
    "model": "irndb2.p2t", 
    "fields": {
      "pirna": 295, 
      "target": 71175, 
      "experimenttype": "deadenylation", 
      "verified": "n", 
      "pmid": "24787618"
    }
  }, 
  {
    "model": "irndb2.p2t", 
    "fields": {
      "pirna": 296, 
      "target": 17349, 
      "experimenttype": "deadenylation", 
      "verified": "n", 
      "pmid": "24787618"
    }
  }, 
  {
    "model": "irndb2.p2t", 
    "fields": {
      "pirna": 297, 
      "target": 11629, 
      "experimenttype": "deadenylation", 
      "verified": "n", 
      "pmid": "24787618"
    }
  }, 
  {
    "model": "irndb2.p2t", 
    "fields": {
      "pirna": 298, 
      "target": 14705, 
      "experimenttype": "deadenylation", 
      "verified": "n", 
      "pmid": "24787618"
    }
  }, 
  {
    "model": "irndb2.p2t", 
    "fields": {
      "pirna": 299, 
      "target": 27399, 
      "experimenttype": "deadenylation", 
      "verified": "n", 
      "pmid": "24787618"
    }
  }, 
  {
    "model": "irndb2.p2t", 
    "fields": {
      "pirna": 300, 
      "target": 14228, 
      "experimenttype": "deadenylation", 
      "verified": "n", 
      "pmid": "24787618"
    }
  }, 
  {
    "model": "irndb2.p2t", 
    "fields": {
      "pirna": 301, 
      "target": 16559, 
      "experimenttype": "deadenylation", 
      "verified": "n", 
      "pmid": "24787618"
    }
  }, 
  {
    "model": "irndb2.p2t", 
    "fields": {
      "pirna": 302, 
      "target": 231712, 
      "experimenttype": "deadenylation", 
      "verified": "n", 
      "pmid": "24787618"
    }
  }, 
  {
    "model": "irndb2.p2t", 
    "fields": {
      "pirna": 303, 
      "target": 13682, 
      "experimenttype": "deadenylation", 
      "verified": "n", 
      "pmid": "24787618"
    }
  }, 
  {
    "model": "irndb2.p2t", 
    "fields": {
      "pirna": 304, 
      "target": 13682, 
      "experimenttype": "deadenylation", 
      "verified": "n", 
      "pmid": "24787618"
    }
  }, 
  {
    "model": "irndb2.p2t", 
    "fields": {
      "pirna": 305, 
      "target": 17776, 
      "experimenttype": "deadenylation", 
      "verified": "n", 
      "pmid": "24787618"
    }
  }, 
  {
    "model": "irndb2.p2t", 
    "fields": {
      "pirna": 306, 
      "target": 70834, 
      "experimenttype": "deadenylation", 
      "verified": "n", 
      "pmid": "24787618"
    }
  }, 
  {
    "model": "irndb2.p2t", 
    "fields": {
      "pirna": 307, 
      "target": 18607, 
      "experimenttype": "deadenylation", 
      "verified": "n", 
      "pmid": "24787618"
    }
  }, 
  {
    "model": "irndb2.p2t", 
    "fields": {
      "pirna": 308, 
      "target": 14705, 
      "experimenttype": "deadenylation", 
      "verified": "n", 
      "pmid": "24787618"
    }
  }, 
  {
    "model": "irndb2.p2t", 
    "fields": {
      "pirna": 309, 
      "target": 22273, 
      "experimenttype": "deadenylation", 
      "verified": "n", 
      "pmid": "24787618"
    }
  }, 
  {
    "model": "irndb2.p2t", 
    "fields": {
      "pirna": 310, 
      "target": 17776, 
      "experimenttype": "deadenylation", 
      "verified": "n", 
      "pmid": "24787618"
    }
  }, 
  {
    "model": "irndb2.p2t", 
    "fields": {
      "pirna": 311, 
      "target": 106344, 
      "experimenttype": "deadenylation", 
      "verified": "n", 
      "pmid": "24787618"
    }
  }, 
  {
    "model": "irndb2.p2t", 
    "fields": {
      "pirna": 312, 
      "target": 208643, 
      "experimenttype": "deadenylation", 
      "verified": "n", 
      "pmid": "24787618"
    }
  }, 
  {
    "model": "irndb2.p2t", 
    "fields": {
      "pirna": 313, 
      "target": 252967, 
      "experimenttype": "deadenylation", 
      "verified": "n", 
      "pmid": "24787618"
    }
  }, 
  {
    "model": "irndb2.p2t", 
    "fields": {
      "pirna": 314, 
      "target": 56215, 
      "experimenttype": "deadenylation", 
      "verified": "n", 
      "pmid": "24787618"
    }
  }, 
  {
    "model": "irndb2.p2t", 
    "fields": {
      "pirna": 315, 
      "target": 11461, 
      "experimenttype": "deadenylation", 
      "verified": "n", 
      "pmid": "24787618"
    }
  }, 
  {
    "model": "irndb2.p2t", 
    "fields": {
      "pirna": 316, 
      "target": 58998, 
      "experimenttype": "deadenylation", 
      "verified": "n", 
      "pmid": "24787618"
    }
  }, 
  {
    "model": "irndb2.p2t", 
    "fields": {
      "pirna": 317, 
      "target": 27399, 
      "experimenttype": "deadenylation", 
      "verified": "n", 
      "pmid": "24787618"
    }
  }, 
  {
    "model": "irndb2.p2t", 
    "fields": {
      "pirna": 318, 
      "target": 73804, 
      "experimenttype": "deadenylation", 
      "verified": "n", 
      "pmid": "24787618"
    }
  }, 
  {
    "model": "irndb2.p2t", 
    "fields": {
      "pirna": 319, 
      "target": 229603, 
      "experimenttype": "deadenylation", 
      "verified": "n", 
      "pmid": "24787618"
    }
  }
]