[
  {
    "model": "irndb2.wikipath", 
    "fields": {
      "id": 1, 
      "wikipathid": "WP222_r70944", 
      "wikipathname": "Cytokines and Inflammatory Response (BioCarta)"
    }
  }, 
  {
    "model": "irndb2.wikipath", 
    "fields": {
      "id": 2, 
      "wikipathid": "WP175_r78431", 
      "wikipathname": "Acetylcholine Synthesis"
    }
  }, 
  {
    "model": "irndb2.wikipath", 
    "fields": {
      "id": 3, 
      "wikipathid": "WP163_r78425", 
      "wikipathname": "Cytoplasmic Ribosomal Proteins"
    }
  }, 
  {
    "model": "irndb2.wikipath", 
    "fields": {
      "id": 4, 
      "wikipathid": "WP234_r78410", 
      "wikipathname": "Peptide GPCRs"
    }
  }, 
  {
    "model": "irndb2.wikipath", 
    "fields": {
      "id": 5, 
      "wikipathid": "WP1248_r69092", 
      "wikipathname": "Oxidative phosphorylation"
    }
  }, 
  {
    "model": "irndb2.wikipath", 
    "fields": {
      "id": 6, 
      "wikipathid": "WP387_r72091", 
      "wikipathname": "IL-6 signaling Pathway"
    }
  }, 
  {
    "model": "irndb2.wikipath", 
    "fields": {
      "id": 7, 
      "wikipathid": "WP1596_r72018", 
      "wikipathname": "Iron Homeostasis"
    }
  }, 
  {
    "model": "irndb2.wikipath", 
    "fields": {
      "id": 8, 
      "wikipathid": "WP543_r70481", 
      "wikipathname": "Synthesis and Degradation of Ketone Bodies"
    }
  }, 
  {
    "model": "irndb2.wikipath", 
    "fields": {
      "id": 9, 
      "wikipathid": "WP297_r69128", 
      "wikipathname": "IL-7 Signaling Pathway"
    }
  }, 
  {
    "model": "irndb2.wikipath", 
    "fields": {
      "id": 10, 
      "wikipathid": "WP353_r69094", 
      "wikipathname": "Small Ligand GPCRs"
    }
  }, 
  {
    "model": "irndb2.wikipath", 
    "fields": {
      "id": 11, 
      "wikipathid": "WP189_r79710", 
      "wikipathname": "GPCRs, Class A Rhodopsin-like"
    }
  }, 
  {
    "model": "irndb2.wikipath", 
    "fields": {
      "id": 12, 
      "wikipathid": "WP1274_r73502", 
      "wikipathname": "Oxidation by Cytochrome P450"
    }
  }, 
  {
    "model": "irndb2.wikipath", 
    "fields": {
      "id": 13, 
      "wikipathid": "WP57_r78439", 
      "wikipathname": "Signal Transduction of S1P Receptor"
    }
  }, 
  {
    "model": "irndb2.wikipath", 
    "fields": {
      "id": 14, 
      "wikipathid": "WP396_r85437", 
      "wikipathname": "ACE Inhibitor Pathway"
    }
  }, 
  {
    "model": "irndb2.wikipath", 
    "fields": {
      "id": 15, 
      "wikipathid": "WP85_r82887", 
      "wikipathname": "Focal Adhesion"
    }
  }, 
  {
    "model": "irndb2.wikipath", 
    "fields": {
      "id": 16, 
      "wikipathid": "WP1262_r69179", 
      "wikipathname": "Aflatoxin B1 metabolism"
    }
  }, 
  {
    "model": "irndb2.wikipath", 
    "fields": {
      "id": 17, 
      "wikipathid": "WP1257_r69073", 
      "wikipathname": "Mismatch repair"
    }
  }, 
  {
    "model": "irndb2.wikipath", 
    "fields": {
      "id": 18, 
      "wikipathid": "WP2141_r79764", 
      "wikipathname": "Serotonin and anxiety"
    }
  }, 
  {
    "model": "irndb2.wikipath", 
    "fields": {
      "id": 19, 
      "wikipathid": "WP1_r73346", 
      "wikipathname": "Statin Pathway"
    }
  }, 
  {
    "model": "irndb2.wikipath", 
    "fields": {
      "id": 20, 
      "wikipathid": "WP2075_r85337", 
      "wikipathname": "Alzheimers Disease"
    }
  }, 
  {
    "model": "irndb2.wikipath", 
    "fields": {
      "id": 21, 
      "wikipathid": "WP456_r69131", 
      "wikipathname": "GPCRs, Class B Secretin-like"
    }
  }, 
  {
    "model": "irndb2.wikipath", 
    "fields": {
      "id": 22, 
      "wikipathid": "WP327_r69171", 
      "wikipathname": "GPCRs, Class C Metabotropic glutamate, pheromone"
    }
  }, 
  {
    "model": "irndb2.wikipath", 
    "fields": {
      "id": 23, 
      "wikipathid": "WP18_r69996", 
      "wikipathname": "Heme Biosynthesis"
    }
  }, 
  {
    "model": "irndb2.wikipath", 
    "fields": {
      "id": 24, 
      "wikipathid": "WP1398_r69964", 
      "wikipathname": "Orphan GPCRs"
    }
  }, 
  {
    "model": "irndb2.wikipath", 
    "fields": {
      "id": 25, 
      "wikipathid": "WP157_r85675", 
      "wikipathname": "Glycolysis and Gluconeogenesis"
    }
  }, 
  {
    "model": "irndb2.wikipath", 
    "fields": {
      "id": 26, 
      "wikipathid": "WP2841_r82880", 
      "wikipathname": "Focal Adhesion-PI3K-Akt-mTOR-signaling pathway"
    }
  }, 
  {
    "model": "irndb2.wikipath", 
    "fields": {
      "id": 27, 
      "wikipathid": "WP41_r78413", 
      "wikipathname": "GPCRs, Other"
    }
  }, 
  {
    "model": "irndb2.wikipath", 
    "fields": {
      "id": 28, 
      "wikipathid": "WP216_r78430", 
      "wikipathname": "Striated Muscle Contraction"
    }
  }, 
  {
    "model": "irndb2.wikipath", 
    "fields": {
      "id": 29, 
      "wikipathid": "WP567_r69915", 
      "wikipathname": "Eukaryotic Transcription Initiation"
    }
  }, 
  {
    "model": "irndb2.wikipath", 
    "fields": {
      "id": 30, 
      "wikipathid": "WP386_r77423", 
      "wikipathname": "Triacylglyceride Synthesis"
    }
  }, 
  {
    "model": "irndb2.wikipath", 
    "fields": {
      "id": 31, 
      "wikipathid": "WP1397_r82866", 
      "wikipathname": "Odorant GPCRs"
    }
  }, 
  {
    "model": "irndb2.wikipath", 
    "fields": {
      "id": 32, 
      "wikipathid": "WP2573_r79651", 
      "wikipathname": "Primary Focal Segmental Glomerulosclerosis FSGS"
    }
  }, 
  {
    "model": "irndb2.wikipath", 
    "fields": {
      "id": 33, 
      "wikipathid": "WP2910_r83562", 
      "wikipathname": "Mecp2 and Associated Rett Syndrome"
    }
  }, 
  {
    "model": "irndb2.wikipath", 
    "fields": {
      "id": 34, 
      "wikipathid": "WP79_r79761", 
      "wikipathname": "Tryptophan metabolism"
    }
  }, 
  {
    "model": "irndb2.wikipath", 
    "fields": {
      "id": 35, 
      "wikipathid": "WP207_r69172", 
      "wikipathname": "Nucleotide GPCRs"
    }
  }, 
  {
    "model": "irndb2.wikipath", 
    "fields": {
      "id": 36, 
      "wikipathid": "WP412_r69190", 
      "wikipathname": "Oxidative Stress"
    }
  }, 
  {
    "model": "irndb2.wikipath", 
    "fields": {
      "id": 37, 
      "wikipathid": "WP251_r71729", 
      "wikipathname": "MAPK Cascade"
    }
  }, 
  {
    "model": "irndb2.wikipath", 
    "fields": {
      "id": 38, 
      "wikipathid": "WP350_r70038", 
      "wikipathname": "p38 MAPK Signaling Pathway"
    }
  }, 
  {
    "model": "irndb2.wikipath", 
    "fields": {
      "id": 39, 
      "wikipathid": "WP200_r72061", 
      "wikipathname": "Complement Activation, Classical Pathway"
    }
  }, 
  {
    "model": "irndb2.wikipath", 
    "fields": {
      "id": 40, 
      "wikipathid": "WP449_r71733", 
      "wikipathname": "Complement and Coagulation Cascades"
    }
  }, 
  {
    "model": "irndb2.wikipath", 
    "fields": {
      "id": 41, 
      "wikipathid": "WP1259_r74433", 
      "wikipathname": "Retinol metabolism"
    }
  }, 
  {
    "model": "irndb2.wikipath", 
    "fields": {
      "id": 42, 
      "wikipathid": "WP1242_r69140", 
      "wikipathname": "Non-homologous end joining"
    }
  }, 
  {
    "model": "irndb2.wikipath", 
    "fields": {
      "id": 43, 
      "wikipathid": "WP150_r69148", 
      "wikipathname": "DNA Replication"
    }
  }, 
  {
    "model": "irndb2.wikipath", 
    "fields": {
      "id": 44, 
      "wikipathid": "WP113_r69818", 
      "wikipathname": "TGF Beta Signaling Pathway"
    }
  }, 
  {
    "model": "irndb2.wikipath", 
    "fields": {
      "id": 45, 
      "wikipathid": "WP495_r71740", 
      "wikipathname": "Glucocorticoid & Mineralcorticoid Metabolism"
    }
  }, 
  {
    "model": "irndb2.wikipath", 
    "fields": {
      "id": 46, 
      "wikipathid": "WP441_r69114", 
      "wikipathname": "Matrix Metalloproteinases"
    }
  }, 
  {
    "model": "irndb2.wikipath", 
    "fields": {
      "id": 47, 
      "wikipathid": "WP413_r84705", 
      "wikipathname": "G1 to S cell cycle control"
    }
  }, 
  {
    "model": "irndb2.wikipath", 
    "fields": {
      "id": 48, 
      "wikipathid": "WP2087_r84840", 
      "wikipathname": "miRNA regulation of DNA Damage Response"
    }
  }, 
  {
    "model": "irndb2.wikipath", 
    "fields": {
      "id": 49, 
      "wikipathid": "WP373_r69196", 
      "wikipathname": "IL-3 Signaling Pathway"
    }
  }, 
  {
    "model": "irndb2.wikipath", 
    "fields": {
      "id": 50, 
      "wikipathid": "WP1261_r71282", 
      "wikipathname": "ErbB signaling pathway"
    }
  }, 
  {
    "model": "irndb2.wikipath", 
    "fields": {
      "id": 51, 
      "wikipathid": "WP1250_r69058", 
      "wikipathname": "Arachidonate Epoxygenase   Epoxide Hydrolase"
    }
  }, 
  {
    "model": "irndb2.wikipath", 
    "fields": {
      "id": 52, 
      "wikipathid": "WP1254_r82218", 
      "wikipathname": "Apoptosis"
    }
  }, 
  {
    "model": "irndb2.wikipath", 
    "fields": {
      "id": 53, 
      "wikipathid": "WP1244_r73501", 
      "wikipathname": "Estrogen signalling"
    }
  }, 
  {
    "model": "irndb2.wikipath", 
    "fields": {
      "id": 54, 
      "wikipathid": "WP431_r69992", 
      "wikipathname": "Nuclear receptors in lipid metabolism and toxicity"
    }
  }, 
  {
    "model": "irndb2.wikipath", 
    "fields": {
      "id": 55, 
      "wikipathid": "WP63_r69066", 
      "wikipathname": "Pentose Phosphate Pathway"
    }
  }, 
  {
    "model": "irndb2.wikipath", 
    "fields": {
      "id": 56, 
      "wikipathid": "WP522_r69135", 
      "wikipathname": "Biogenic Amine Synthesis"
    }
  }, 
  {
    "model": "irndb2.wikipath", 
    "fields": {
      "id": 57, 
      "wikipathid": "WP3626_r85691", 
      "wikipathname": "Microglia Pathogen Phagocytosis Pathway"
    }
  }, 
  {
    "model": "irndb2.wikipath", 
    "fields": {
      "id": 58, 
      "wikipathid": "WP29_r79679", 
      "wikipathname": "Notch Signaling Pathway"
    }
  }, 
  {
    "model": "irndb2.wikipath", 
    "fields": {
      "id": 59, 
      "wikipathid": "WP1247_r69203", 
      "wikipathname": "Methylation"
    }
  }, 
  {
    "model": "irndb2.wikipath", 
    "fields": {
      "id": 60, 
      "wikipathid": "WP403_r72349", 
      "wikipathname": "Wnt Signaling Pathway"
    }
  }, 
  {
    "model": "irndb2.wikipath", 
    "fields": {
      "id": 61, 
      "wikipathid": "WP298_r79200", 
      "wikipathname": "G13 Signaling Pathway"
    }
  }, 
  {
    "model": "irndb2.wikipath", 
    "fields": {
      "id": 62, 
      "wikipathid": "WP454_r81173", 
      "wikipathname": "Osteoclast"
    }
  }, 
  {
    "model": "irndb2.wikipath", 
    "fields": {
      "id": 63, 
      "wikipathid": "WP1498_r79811", 
      "wikipathname": "Dopaminergic Neurogenesis"
    }
  }, 
  {
    "model": "irndb2.wikipath", 
    "fields": {
      "id": 64, 
      "wikipathid": "WP435_r71889", 
      "wikipathname": "One Carbon Metabolism"
    }
  }, 
  {
    "model": "irndb2.wikipath", 
    "fields": {
      "id": 65, 
      "wikipathid": "WP1526_r73503", 
      "wikipathname": "Regulation of Cardiac Hypertrophy by miR-208"
    }
  }, 
  {
    "model": "irndb2.wikipath", 
    "fields": {
      "id": 66, 
      "wikipathid": "WP407_r69079", 
      "wikipathname": "Kit Receptor Signaling Pathway"
    }
  }, 
  {
    "model": "irndb2.wikipath", 
    "fields": {
      "id": 67, 
      "wikipathid": "WP238_r72001", 
      "wikipathname": "Osteoblast"
    }
  }, 
  {
    "model": "irndb2.wikipath", 
    "fields": {
      "id": 68, 
      "wikipathid": "WP512_r69147", 
      "wikipathname": "Id Signaling Pathway"
    }
  }, 
  {
    "model": "irndb2.wikipath", 
    "fields": {
      "id": 69, 
      "wikipathid": "WP401_r71751", 
      "wikipathname": "Mitochondrial LC-Fatty Acid Beta-Oxidation"
    }
  }, 
  {
    "model": "irndb2.wikipath", 
    "fields": {
      "id": 70, 
      "wikipathid": "WP730_r85645", 
      "wikipathname": "Glutathione and one carbon metabolism"
    }
  }, 
  {
    "model": "irndb2.wikipath", 
    "fields": {
      "id": 71, 
      "wikipathid": "WP1243_r69897", 
      "wikipathname": "EBV LMP1 signaling"
    }
  }, 
  {
    "model": "irndb2.wikipath", 
    "fields": {
      "id": 72, 
      "wikipathid": "WP202_r71725", 
      "wikipathname": "Hypertrophy Model"
    }
  }, 
  {
    "model": "irndb2.wikipath", 
    "fields": {
      "id": 73, 
      "wikipathid": "WP37_r69141", 
      "wikipathname": "IL-1 Signaling Pathway"
    }
  }, 
  {
    "model": "irndb2.wikipath", 
    "fields": {
      "id": 74, 
      "wikipathid": "WP374_r69204", 
      "wikipathname": "Prostaglandin Synthesis and Regulation"
    }
  }, 
  {
    "model": "irndb2.wikipath", 
    "fields": {
      "id": 75, 
      "wikipathid": "WP1245_r71125", 
      "wikipathname": "Keap1-Nrf2"
    }
  }, 
  {
    "model": "irndb2.wikipath", 
    "fields": {
      "id": 76, 
      "wikipathid": "WP1241_r79223", 
      "wikipathname": "Glucuronidation"
    }
  }, 
  {
    "model": "irndb2.wikipath", 
    "fields": {
      "id": 77, 
      "wikipathid": "WP1270_r72216", 
      "wikipathname": "Endochondral Ossification"
    }
  }, 
  {
    "model": "irndb2.wikipath", 
    "fields": {
      "id": 78, 
      "wikipathid": "WP519_r71732", 
      "wikipathname": "Proteasome Degradation"
    }
  }, 
  {
    "model": "irndb2.wikipath", 
    "fields": {
      "id": 79, 
      "wikipathid": "WP1763_r72003", 
      "wikipathname": "PluriNetWork"
    }
  }, 
  {
    "model": "irndb2.wikipath", 
    "fields": {
      "id": 80, 
      "wikipathid": "WP493_r78412", 
      "wikipathname": "MAPK signaling pathway"
    }
  }, 
  {
    "model": "irndb2.wikipath", 
    "fields": {
      "id": 81, 
      "wikipathid": "WP2318_r85635", 
      "wikipathname": "Fatty acid oxidation"
    }
  }, 
  {
    "model": "irndb2.wikipath", 
    "fields": {
      "id": 82, 
      "wikipathid": "WP539_r71716", 
      "wikipathname": "Wnt Signaling Pathway NetPath"
    }
  }, 
  {
    "model": "irndb2.wikipath", 
    "fields": {
      "id": 83, 
      "wikipathid": "WP2902_r85041", 
      "wikipathname": "p53 signaling"
    }
  }, 
  {
    "model": "irndb2.wikipath", 
    "fields": {
      "id": 84, 
      "wikipathid": "WP273_r71724", 
      "wikipathname": "Ovarian Infertility Genes"
    }
  }, 
  {
    "model": "irndb2.wikipath", 
    "fields": {
      "id": 85, 
      "wikipathid": "WP385_r72108", 
      "wikipathname": "Myometrial Relaxation and Contraction Pathways"
    }
  }, 
  {
    "model": "irndb2.wikipath", 
    "fields": {
      "id": 86, 
      "wikipathid": "WP336_r71737", 
      "wikipathname": "Fatty Acid Biosynthesis"
    }
  }, 
  {
    "model": "irndb2.wikipath", 
    "fields": {
      "id": 87, 
      "wikipathid": "WP434_r70013", 
      "wikipathname": "TCA Cycle"
    }
  }, 
  {
    "model": "irndb2.wikipath", 
    "fields": {
      "id": 88, 
      "wikipathid": "WP103_r71741", 
      "wikipathname": "Cholesterol Biosynthesis"
    }
  }, 
  {
    "model": "irndb2.wikipath", 
    "fields": {
      "id": 89, 
      "wikipathid": "WP317_r70007", 
      "wikipathname": "Glycogen Metabolism"
    }
  }, 
  {
    "model": "irndb2.wikipath", 
    "fields": {
      "id": 90, 
      "wikipathid": "WP193_r69178", 
      "wikipathname": "Signaling of Hepatocyte Growth Factor Receptor"
    }
  }, 
  {
    "model": "irndb2.wikipath", 
    "fields": {
      "id": 91, 
      "wikipathid": "WP2140_r78420", 
      "wikipathname": "Serotonin and anxiety-related events"
    }
  }, 
  {
    "model": "irndb2.wikipath", 
    "fields": {
      "id": 92, 
      "wikipathid": "WP151_r69175", 
      "wikipathname": "IL-5 Signaling Pathway"
    }
  }, 
  {
    "model": "irndb2.wikipath", 
    "fields": {
      "id": 93, 
      "wikipathid": "WP523_r71326", 
      "wikipathname": "Regulation of Actin Cytoskeleton"
    }
  }, 
  {
    "model": "irndb2.wikipath", 
    "fields": {
      "id": 94, 
      "wikipathid": "WP1253_r71753", 
      "wikipathname": "Type II interferon signaling (IFNG)"
    }
  }, 
  {
    "model": "irndb2.wikipath", 
    "fields": {
      "id": 95, 
      "wikipathid": "WP1256_r71759", 
      "wikipathname": "NLR Proteins"
    }
  }, 
  {
    "model": "irndb2.wikipath", 
    "fields": {
      "id": 96, 
      "wikipathid": "WP265_r69189", 
      "wikipathname": "Delta-Notch Signaling Pathway"
    }
  }, 
  {
    "model": "irndb2.wikipath", 
    "fields": {
      "id": 97, 
      "wikipathid": "WP33_r71721", 
      "wikipathname": "Fatty Acid Omega Oxidation"
    }
  }, 
  {
    "model": "irndb2.wikipath", 
    "fields": {
      "id": 98, 
      "wikipathid": "WP3638_r85261", 
      "wikipathname": "Parkinsons Disease Pathway"
    }
  }, 
  {
    "model": "irndb2.wikipath", 
    "fields": {
      "id": 99, 
      "wikipathid": "WP10_r69132", 
      "wikipathname": "IL-9 Signaling Pathway"
    }
  }, 
  {
    "model": "irndb2.wikipath", 
    "fields": {
      "id": 100, 
      "wikipathid": "WP300_r71890", 
      "wikipathname": "Histone modifications"
    }
  }, 
  {
    "model": "irndb2.wikipath", 
    "fields": {
      "id": 101, 
      "wikipathid": "WP2928_r80384", 
      "wikipathname": "miR-222 in Exercise-Induced Cardiac Growth"
    }
  }, 
  {
    "model": "irndb2.wikipath", 
    "fields": {
      "id": 102, 
      "wikipathid": "WP723_r80030", 
      "wikipathname": "Wnt Signaling Pathway and Pluripotency"
    }
  }, 
  {
    "model": "irndb2.wikipath", 
    "fields": {
      "id": 103, 
      "wikipathid": "WP458_r78438", 
      "wikipathname": "Inflammatory Response Pathway"
    }
  }, 
  {
    "model": "irndb2.wikipath", 
    "fields": {
      "id": 104, 
      "wikipathid": "WP6_r72138", 
      "wikipathname": "Integrin-mediated Cell Adhesion"
    }
  }, 
  {
    "model": "irndb2.wikipath", 
    "fields": {
      "id": 105, 
      "wikipathid": "WP55_r71743", 
      "wikipathname": "Steroid Biosynthesis"
    }
  }, 
  {
    "model": "irndb2.wikipath", 
    "fields": {
      "id": 106, 
      "wikipathid": "WP2316_r69143", 
      "wikipathname": "PPAR signaling pathway"
    }
  }, 
  {
    "model": "irndb2.wikipath", 
    "fields": {
      "id": 107, 
      "wikipathid": "WP447_r73875", 
      "wikipathname": "Adipogenesis genes"
    }
  }, 
  {
    "model": "irndb2.wikipath", 
    "fields": {
      "id": 108, 
      "wikipathid": "WP1983_r78426", 
      "wikipathname": "Splicing factor NOVA regulated synpatic proteins"
    }
  }, 
  {
    "model": "irndb2.wikipath", 
    "fields": {
      "id": 109, 
      "wikipathid": "WP310_r78419", 
      "wikipathname": "mRNA processing"
    }
  }, 
  {
    "model": "irndb2.wikipath", 
    "fields": {
      "id": 110, 
      "wikipathid": "WP65_r82885", 
      "wikipathname": "Insulin Signaling"
    }
  }, 
  {
    "model": "irndb2.wikipath", 
    "fields": {
      "id": 111, 
      "wikipathid": "WP1249_r69099", 
      "wikipathname": "EPO Receptor Signaling"
    }
  }, 
  {
    "model": "irndb2.wikipath", 
    "fields": {
      "id": 112, 
      "wikipathid": "WP307_r79828", 
      "wikipathname": "Translation Factors"
    }
  }, 
  {
    "model": "irndb2.wikipath", 
    "fields": {
      "id": 113, 
      "wikipathid": "WP295_r79459", 
      "wikipathname": "Electron Transport Chain"
    }
  }, 
  {
    "model": "irndb2.wikipath", 
    "fields": {
      "id": 114, 
      "wikipathid": "WP166_r72008", 
      "wikipathname": "Apoptosis Modulation by HSP70"
    }
  }, 
  {
    "model": "irndb2.wikipath", 
    "fields": {
      "id": 115, 
      "wikipathid": "WP1263_r71748", 
      "wikipathname": "Mitochondrial Gene Expression"
    }
  }, 
  {
    "model": "irndb2.wikipath", 
    "fields": {
      "id": 116, 
      "wikipathid": "WP1269_r72137", 
      "wikipathname": "Fatty Acid Beta Oxidation"
    }
  }, 
  {
    "model": "irndb2.wikipath", 
    "fields": {
      "id": 117, 
      "wikipathid": "WP116_r69142", 
      "wikipathname": "Hedgehog Signaling Pathway"
    }
  }, 
  {
    "model": "irndb2.wikipath", 
    "fields": {
      "id": 118, 
      "wikipathid": "WP3592_r84852", 
      "wikipathname": "ApoE and miR-146 in inflammation and atherosclerosis"
    }
  }, 
  {
    "model": "irndb2.wikipath", 
    "fields": {
      "id": 119, 
      "wikipathid": "WP1266_r69139", 
      "wikipathname": "SIDS Susceptibility Pathways"
    }
  }, 
  {
    "model": "irndb2.wikipath", 
    "fields": {
      "id": 120, 
      "wikipathid": "WP2310_r82879", 
      "wikipathname": "PodNet: protein-protein interactions in the podocyte"
    }
  }, 
  {
    "model": "irndb2.wikipath", 
    "fields": {
      "id": 121, 
      "wikipathid": "WP88_r80116", 
      "wikipathname": "Toll Like Receptor signaling"
    }
  }, 
  {
    "model": "irndb2.wikipath", 
    "fields": {
      "id": 122, 
      "wikipathid": "WP570_r72043", 
      "wikipathname": "Monoamine GPCRs"
    }
  }, 
  {
    "model": "irndb2.wikipath", 
    "fields": {
      "id": 123, 
      "wikipathid": "WP2067_r84685", 
      "wikipathname": "Heart Development"
    }
  }, 
  {
    "model": "irndb2.wikipath", 
    "fields": {
      "id": 124, 
      "wikipathid": "WP608_r69184", 
      "wikipathname": "miR-1 in cardiac development"
    }
  }, 
  {
    "model": "irndb2.wikipath", 
    "fields": {
      "id": 125, 
      "wikipathid": "WP572_r82883", 
      "wikipathname": "EGFR1 Signaling Pathway"
    }
  }, 
  {
    "model": "irndb2.wikipath", 
    "fields": {
      "id": 126, 
      "wikipathid": "WP2904_r79547", 
      "wikipathname": "Mir302-367 Promoting Cardiomyocyte Proliferation"
    }
  }, 
  {
    "model": "irndb2.wikipath", 
    "fields": {
      "id": 127, 
      "wikipathid": "WP1265_r69077", 
      "wikipathname": "Polyol pathway"
    }
  }, 
  {
    "model": "irndb2.wikipath", 
    "fields": {
      "id": 128, 
      "wikipathid": "WP1396_r69993", 
      "wikipathname": "Non-odorant GPCRs"
    }
  }, 
  {
    "model": "irndb2.wikipath", 
    "fields": {
      "id": 129, 
      "wikipathid": "WP318_r71719", 
      "wikipathname": "Eicosanoid Synthesis"
    }
  }, 
  {
    "model": "irndb2.wikipath", 
    "fields": {
      "id": 130, 
      "wikipathid": "WP1560_r70037", 
      "wikipathname": "MicroRNAs in Cardiomyocyte Hypertrophy"
    }
  }, 
  {
    "model": "irndb2.wikipath", 
    "fields": {
      "id": 131, 
      "wikipathid": "WP2185_r82867", 
      "wikipathname": "Purine metabolism"
    }
  }, 
  {
    "model": "irndb2.wikipath", 
    "fields": {
      "id": 132, 
      "wikipathid": "WP553_r80276", 
      "wikipathname": "Calcium Regulation in the Cardiac Cell"
    }
  }, 
  {
    "model": "irndb2.wikipath", 
    "fields": {
      "id": 133, 
      "wikipathid": "WP460_r71727", 
      "wikipathname": "Blood Clotting Cascade"
    }
  }, 
  {
    "model": "irndb2.wikipath", 
    "fields": {
      "id": 134, 
      "wikipathid": "WP1272_r85064", 
      "wikipathname": "Selenium Micronutrient Network"
    }
  }, 
  {
    "model": "irndb2.wikipath", 
    "fields": {
      "id": 135, 
      "wikipathid": "WP1496_r79337", 
      "wikipathname": "Oxidative Damage"
    }
  }, 
  {
    "model": "irndb2.wikipath", 
    "fields": {
      "id": 136, 
      "wikipathid": "WP246_r69201", 
      "wikipathname": "TNF-alpha NF-kB Signaling Pathway"
    }
  }, 
  {
    "model": "irndb2.wikipath", 
    "fields": {
      "id": 137, 
      "wikipathid": "WP108_r69772", 
      "wikipathname": "Selenium metabolism/Selenoproteins"
    }
  }, 
  {
    "model": "irndb2.wikipath", 
    "fields": {
      "id": 138, 
      "wikipathid": "WP509_r69979", 
      "wikipathname": "Nuclear Receptors"
    }
  }, 
  {
    "model": "irndb2.wikipath", 
    "fields": {
      "id": 139, 
      "wikipathid": "WP488_r72049", 
      "wikipathname": "Alpha6-Beta4 Integrin Signaling Pathway"
    }
  }, 
  {
    "model": "irndb2.wikipath", 
    "fields": {
      "id": 140, 
      "wikipathid": "WP1246_r69102", 
      "wikipathname": "Hypothetical Network for Drug Addiction"
    }
  }, 
  {
    "model": "irndb2.wikipath", 
    "fields": {
      "id": 141, 
      "wikipathid": "WP2084_r69904", 
      "wikipathname": "SREBF and miR33 in cholesterol and lipid homeostasis"
    }
  }, 
  {
    "model": "irndb2.wikipath", 
    "fields": {
      "id": 142, 
      "wikipathid": "WP1268_r70180", 
      "wikipathname": "Diurnally Regulated Genes with Circadian Orthologs"
    }
  }, 
  {
    "model": "irndb2.wikipath", 
    "fields": {
      "id": 143, 
      "wikipathid": "WP201_r69113", 
      "wikipathname": "Ptf1a related regulatory pathway"
    }
  }, 
  {
    "model": "irndb2.wikipath", 
    "fields": {
      "id": 144, 
      "wikipathid": "WP232_r71315", 
      "wikipathname": "G Protein Signaling Pathways"
    }
  }, 
  {
    "model": "irndb2.wikipath", 
    "fields": {
      "id": 145, 
      "wikipathid": "WP662_r71177", 
      "wikipathname": "Amino Acid metabolism"
    }
  }, 
  {
    "model": "irndb2.wikipath", 
    "fields": {
      "id": 146, 
      "wikipathid": "WP339_r79831", 
      "wikipathname": "ESC Pluripotency Pathways"
    }
  }, 
  {
    "model": "irndb2.wikipath", 
    "fields": {
      "id": 147, 
      "wikipathid": "WP1273_r85058", 
      "wikipathname": "Folic Acid Network"
    }
  }, 
  {
    "model": "irndb2.wikipath", 
    "fields": {
      "id": 148, 
      "wikipathid": "WP164_r85644", 
      "wikipathname": "Glutathione metabolism"
    }
  }, 
  {
    "model": "irndb2.wikipath", 
    "fields": {
      "id": 149, 
      "wikipathid": "WP683_r71946", 
      "wikipathname": "Leptin and adiponectin"
    }
  }, 
  {
    "model": "irndb2.wikipath", 
    "fields": {
      "id": 150, 
      "wikipathid": "WP240_r69071", 
      "wikipathname": "Alanine and aspartate metabolism"
    }
  }, 
  {
    "model": "irndb2.wikipath", 
    "fields": {
      "id": 151, 
      "wikipathid": "WP1771_r79806", 
      "wikipathname": "Kennedy pathway"
    }
  }, 
  {
    "model": "irndb2.wikipath", 
    "fields": {
      "id": 152, 
      "wikipathid": "WP1251_r69747", 
      "wikipathname": "Metapathway biotransformation"
    }
  }, 
  {
    "model": "irndb2.wikipath", 
    "fields": {
      "id": 153, 
      "wikipathid": "WP571_r71736", 
      "wikipathname": "FAS pathway and Stress induction of HSP regulation"
    }
  }, 
  {
    "model": "irndb2.wikipath", 
    "fields": {
      "id": 154, 
      "wikipathid": "WP3625_r85694", 
      "wikipathname": "TYROBP Causal Network"
    }
  }, 
  {
    "model": "irndb2.wikipath", 
    "fields": {
      "id": 155, 
      "wikipathid": "WP1258_r69162", 
      "wikipathname": "Homologous recombination"
    }
  }, 
  {
    "model": "irndb2.wikipath", 
    "fields": {
      "id": 156, 
      "wikipathid": "WP1770_r78414", 
      "wikipathname": "One carbon metabolism and related pathways"
    }
  }, 
  {
    "model": "irndb2.wikipath", 
    "fields": {
      "id": 157, 
      "wikipathid": "WP544_r78411", 
      "wikipathname": "Exercise-induced Circadian Regulation"
    }
  }, 
  {
    "model": "irndb2.wikipath", 
    "fields": {
      "id": 158, 
      "wikipathid": "WP1264_r79794", 
      "wikipathname": "Estrogen metabolism"
    }
  }, 
  {
    "model": "irndb2.wikipath", 
    "fields": {
      "id": 159, 
      "wikipathid": "WP2309_r82878", 
      "wikipathname": "XPodNet - protein-protein interactions in the podocyte expanded by STRING"
    }
  }, 
  {
    "model": "irndb2.wikipath", 
    "fields": {
      "id": 160, 
      "wikipathid": "WP475_r69144", 
      "wikipathname": "Irinotecan Pathway"
    }
  }, 
  {
    "model": "irndb2.wikipath", 
    "fields": {
      "id": 161, 
      "wikipathid": "WP2271_r69962", 
      "wikipathname": "Macrophage markers"
    }
  }, 
  {
    "model": "irndb2.wikipath", 
    "fields": {
      "id": 162, 
      "wikipathid": "WP1252_r69118", 
      "wikipathname": "Amino acid conjugation of benzoic acid"
    }
  }, 
  {
    "model": "irndb2.wikipath", 
    "fields": {
      "id": 163, 
      "wikipathid": "WP2432_r79927", 
      "wikipathname": "Spinal Cord Injury"
    }
  }, 
  {
    "model": "irndb2.wikipath", 
    "fields": {
      "id": 164, 
      "wikipathid": "WP87_r71749", 
      "wikipathname": "Nucleotide Metabolism"
    }
  }, 
  {
    "model": "irndb2.wikipath", 
    "fields": {
      "id": 165, 
      "wikipathid": "WP2292_r82877", 
      "wikipathname": "Chemokine signaling pathway"
    }
  }, 
  {
    "model": "irndb2.wikipath", 
    "fields": {
      "id": 166, 
      "wikipathid": "WP578_r72579", 
      "wikipathname": "Leptin Insulin Overlap"
    }
  }
]